{"type":"FeatureCollection", "features": [
{"type":"Feature","geometry":{"type":"MultiPolygon","coordinates":[[[[-74.51847099958205,22.09708299689755],[-74.5304179917523,22.093194938763393],[-74.52930400815022,22.087084060532238],[-74.52319300119112,22.088472008847543],[-74.51847099958205,22.09708299689755]]],[[[-74.31652799060937,22.136527930221742],[-74.3215259944935,22.135693959084662],[-74.32708099033016,22.130971928138177],[-74.32486099005128,22.124026926038994],[-74.31819199416188,22.128748956603978],[-74.3062519915914,22.12513893747625],[-74.30347299033326,22.130971928138177],[-74.31319400276345,22.132640020539455],[-74.31652799060937,22.136527930221742]]],[[[-73.59596999631029,22.611804972995365],[-73.60375099948071,22.610970996199722],[-73.6112520196924,22.605973144149555],[-73.61847000495241,22.60625103624881],[-73.62097198094853,22.59847186050261],[-73.62596798716083,22.590139905953123],[-73.6273590166953,22.575973122389133],[-73.62319200466766,22.572082034226923],[-73.61624998145162,22.5779168640212],[-73.60874901021862,22.580973074908105],[-73.6037510050628,22.585696037106246],[-73.59513801114578,22.60125108162773],[-73.59596999631029,22.611804972995365]]],[[[-73.51597498748978,22.61402690834817],[-73.56069200198016,22.61041701450188],[-73.55735701149663,22.60791508420859],[-73.53291399609556,22.608472971393834],[-73.52430699926914,22.607638994644958],[-73.5001369841698,22.597637883893537],[-73.48402401029675,22.594584075552056],[-73.47624999558438,22.594861967598337],[-73.48319202015523,22.6023611478251],[-73.48902901697711,22.603195124500058],[-73.50680599314957,22.612638949802726],[-73.51597498748978,22.61402690834817]]],[[[-74.0256970002997,22.61430600218084],[-74.03319501111451,22.611527080870147],[-74.033754005482,22.602639039907498],[-74.02569700178306,22.607085012978196],[-74.0256970002997,22.61430600218084]]],[[[-74.04180799383846,22.665138955309878],[-74.04041298150335,22.6576388657822],[-74.0329130167443,22.65569512152971],[-74.02902902044174,22.658193148351522],[-74.0306929820977,22.66458287012843],[-74.03902499074373,22.662360932849968],[-74.04180799383846,22.665138955309878]]],[[[-74.02124799650392,22.67513797465084],[-74.02402399578372,22.67180596942359],[-74.01764000004205,22.667083000305837],[-74.01097099578445,22.67180596942359],[-74.02124799650392,22.67513797465084]]],[[[-74.01013900861601,22.700972062392346],[-74.01569400527185,22.69819403817912],[-74.01541798805677,22.691804913476215],[-74.01125402014918,22.690695145992205],[-74.00708098952548,22.695139924121985],[-74.01013900861601,22.700972062392346]]],[[[-74.0256970002997,22.61430600218084],[-74.02430701408765,22.60736110253924],[-74.01791401728187,22.606527125805975],[-74.01125400199227,22.61041701450188],[-73.9987480051819,22.609583037725752],[-74.00096801389475,22.604029101186683],[-74.01208598717061,22.59347190653213],[-74.00875099937359,22.59041599543598],[-73.99874798387145,22.590973882457963],[-73.98985999354946,22.58847195297813],[-73.98402498458292,22.580414887554817],[-73.97930999286237,22.588751947962777],[-73.9706939806637,22.584860858979336],[-73.96847500783387,22.595138057102908],[-73.95791501942752,22.595694141625714],[-73.95902999291606,22.581804948319835],[-73.95291899032767,22.58930592945985],[-73.94847098388244,22.590973882457963],[-73.93902599314502,22.598747950023796],[-73.92624701634008,22.599860119141645],[-73.92236301357195,22.593750098997106],[-73.9126359928688,22.588751947962777],[-73.91041600448196,22.58236103271953],[-73.90486198084038,22.574581860062892],[-73.8995809808417,22.574581860062892],[-73.89430200476592,22.568750034825563],[-73.8887480105804,22.567362077324994],[-73.88291999091811,22.56208393360257],[-73.88430801224229,22.55013908956147],[-73.87735699839713,22.54013798826707],[-73.87569300792897,22.53458405806327],[-73.87486399785662,22.518747984291096],[-73.87847099337185,22.510139951400177],[-73.88569599934617,22.508751995206435],[-73.8923650069127,22.49875105070884],[-73.89485799191361,22.487637940648597],[-73.90235899386796,22.475972954969205],[-73.91402399961602,22.468194997179637],[-73.92708499118912,22.463749935275988],[-73.93707899118793,22.463749935275988],[-73.94486299504655,22.46124996361669],[-73.9576420071533,22.461526052532857],[-73.97096999624203,22.459303972404143],[-73.98069799548009,22.459583966813568],[-73.99263799402098,22.453470956093767],[-74.00291500407096,22.449583029897706],[-73.99903099688132,22.427639977068505],[-74.00041900710812,22.422083052281295],[-74.00875099010472,22.40569392716493],[-74.03597300120691,22.39847100888408],[-74.0434719949397,22.399858962759033],[-74.04763799622805,22.3965269722375],[-74.07514300185335,22.396805013636776],[-74.07819399125384,22.394582935645815],[-74.09430800944841,22.392085069516742],[-74.095695995404,22.38597296617536],[-74.09291799620901,22.38263797209467],[-74.09263499698856,22.37486197782364],[-74.08208499567512,22.37208396814194],[-74.08208500693559,22.358748051125946],[-74.08430499688907,22.350415977059335],[-74.08958300688145,22.348194050749903],[-74.08985899675213,22.34291697604174],[-74.09402499922733,22.339304994300086],[-74.10819199449958,22.331247959410202],[-74.11486099730145,22.33069398008766],[-74.12097199152073,22.325971937422256],[-74.1251379925877,22.328749945307592],[-74.14736200266584,22.32652801966698],[-74.15402999327489,22.32263995038195],[-74.15875300525158,22.32291603874422],[-74.16374900084088,22.313473006206653],[-74.17291999902805,22.31680499282879],[-74.18069399893359,22.312360992131445],[-74.17903300903464,22.305695066694756],[-74.18291400997195,22.304029073616306],[-74.18624800764286,22.297084056439754],[-74.1923609909819,22.296249933408248],[-74.19125300354486,22.289027026186506],[-74.18485999799734,22.28874898520499],[-74.18042099660741,22.292083974939107],[-74.17569799344088,22.28680495153159],[-74.17875000815141,22.276250060264953],[-74.1837459991362,22.272361993613206],[-74.18846800894995,22.26291806620546],[-74.19152900207197,22.268750015322077],[-74.19791499200197,22.260694940838377],[-74.19652500930921,22.252641068890714],[-74.18958299057243,22.255138930236562],[-74.18680700643617,22.253195047634318],[-74.19541899150268,22.23597093706461],[-74.20736000974068,22.223473072178574],[-74.22097100484947,22.221526035931703],[-74.24041600479971,22.22597303554594],[-74.2468029937857,22.23263895399846],[-74.25736200567876,22.232915042031824],[-74.27014099001552,22.22625092608918],[-74.28097599729226,22.22319397995631],[-74.28958199741523,22.215971980861347],[-74.28346900715883,22.209583053029423],[-74.27930499539025,22.19485996582732],[-74.28346899111276,22.181526934077688],[-74.29180899568665,22.16930696799002],[-74.28485999203488,22.162915940864938],[-74.26791399203643,22.188471940936406],[-74.25707900510567,22.197082037857413],[-74.24597099266587,22.202638945627154],[-74.23764000912409,22.20347306764877],[-74.23708399770622,22.20013898299095],[-74.22041200789593,22.205139058552035],[-74.21375299647099,22.201804973825197],[-74.20764300106633,22.202363007910026],[-74.19819499359718,22.20819495251402],[-74.18930900171969,22.217916012750113],[-74.18569199244548,22.218471943992068],[-74.16569499906939,22.238749993106197],[-74.15847000978667,22.2568050724458],[-74.15264198988042,22.264026925112017],[-74.15264199178587,22.27097193923432],[-74.147918004851,22.278473035875454],[-74.1376410035423,22.289027026186506],[-74.13124800158387,22.292359011708335],[-74.11653200158358,22.292359011708335],[-74.1106949944401,22.285138958875674],[-74.10430899431294,22.28958295794143],[-74.09903000576314,22.295972042611062],[-74.0773630001701,22.30458200125815],[-74.06375199887762,22.307916991702907],[-74.04513599064278,22.3112509308196],[-74.02541399589455,22.319027969651945],[-74.01958399589486,22.319027969651945],[-73.99652800649734,22.330138048022302],[-73.98902799536252,22.341807965742177],[-73.97597500288889,22.355138021331022],[-73.97291699555457,22.359860967184773],[-73.96458399609796,22.38430697122928],[-73.9631960031564,22.39347302326302],[-73.93930799741267,22.424304980956766],[-73.93458599858478,22.438193989591266],[-73.92819299716211,22.444860979132432],[-73.92097500676758,22.44263904977537],[-73.9140239971627,22.444860979132432],[-73.90402999624544,22.459303972404143],[-73.8909750047148,22.468470034643794],[-73.88735999500643,22.474026963318494],[-73.87819599976055,22.480971998241895],[-73.87124699083374,22.48958393270844],[-73.86930900354128,22.499585025984267],[-73.86541699934634,22.508751995206435],[-73.86458699498694,22.51624996324811],[-73.85763598759647,22.532917909140938],[-73.84735898362285,22.5404158800656],[-73.85263702048215,22.56152814981173],[-73.85485700812993,22.564584059452702],[-73.85819199941595,22.57680499573224],[-73.85847399870795,22.583748990562807],[-73.8615259903396,22.58930592945985],[-73.8690270146364,22.62458410665405],[-73.86846799865698,22.63208299021791],[-73.87152900086767,22.64902600631435],[-73.87041501419053,22.663473103175203],[-73.8798589821341,22.66458287012843],[-73.87847101360735,22.656529098962938],[-73.89236498154038,22.6576388657822],[-73.89791901057723,22.65375107691856],[-73.90291500688777,22.65458205008233],[-73.9101400106026,22.671528077011942],[-73.90403001585392,22.680973115101214],[-73.90264199026795,22.68763892937104],[-73.91041601360138,22.685139098715833],[-73.91236199111344,22.69097093552733],[-73.90291501372853,22.6959720995864],[-73.89819298409884,22.69652788465071],[-73.88874799344225,22.675971952366883],[-73.889863011746,22.664027085376567],[-73.88458202037768,22.665417148114713],[-73.87764001375228,22.674306099916684],[-73.88097401220872,22.68180408865998],[-73.88097398418249,22.689306885182734],[-73.88958000203586,22.688195014777584],[-73.89152598807678,22.691804913476215],[-73.88791598410107,22.69652788465071],[-73.8912509825182,22.71152687328208],[-73.88957999107309,22.72041793532464],[-73.89597299754634,22.722361982227493],[-73.90541798750077,22.721248909467626],[-73.9043049829491,22.715138876453697],[-73.90875201454423,22.710417105407952],[-73.92236300994087,22.707916072042163],[-73.92597099172998,22.70541594006155],[-73.93430301534977,22.70652811123164],[-73.94014001755546,22.70958312718246],[-73.94625099477065,22.715694962132886],[-73.94763901350996,22.725416097774783],[-73.95486401351121,22.725416097774783],[-73.95402499643632,22.71902997420249],[-73.959861981487,22.70819486590611],[-73.94930201995258,22.709029144535258],[-73.94235999921393,22.699861994303184],[-73.93763800526628,22.69819403817912],[-73.923750988361,22.702637915628216],[-73.92097499921425,22.699861994303184],[-73.93625001070416,22.696806077609292],[-73.94819702009151,22.697916145638036],[-73.95291902041339,22.701528147930496],[-73.96653000558833,22.701806040489444],[-73.9709699840832,22.69652788465071],[-73.97875101468121,22.692083106411467],[-73.98763999110429,22.69097093552733],[-73.99597199985132,22.69236099892376],[-74.006805020148,22.690695145992205],[-74.00541701056535,22.68597307657869],[-73.98430500266434,22.687915019315586],[-73.97013801771372,22.6804161284927],[-73.97652398411797,22.67486188476843],[-73.98430500509426,22.672916036962594],[-73.98735700288844,22.680694020947715],[-73.9970849909951,22.676525934689337],[-74.00763701145256,22.67847208304268],[-74.0106960018403,22.684583013339328],[-74.01875199249041,22.6834729455727],[-74.02596998700258,22.684860905814755],[-74.02596998485001,22.678193890174274],[-74.0156939989439,22.674583992341873],[-74.00846901369705,22.670694099360844],[-74.00846899693398,22.66430497775182],[-74.0009679888855,22.666529919347568],[-73.99791598210562,22.66458287012843],[-74.00791999151218,22.651527938361387],[-74.01569398904402,22.65208192044792],[-74.02402399113149,22.64458393558528],[-74.04291601637732,22.634583118992396],[-74.04235698660469,22.628194902638544],[-74.04625001467154,22.62458410665405],[-74.04402999058613,22.613192931521283],[-74.04069599035755,22.60986092984185],[-74.0340269874017,22.61402690834817],[-74.03458300269108,22.620696019570765],[-74.02486500903798,22.619028065740657],[-74.0256970002997,22.61430600218084]]],[[[-73.8709710051824,22.727638037541215],[-73.87819601052472,22.726250076238042],[-73.87791499644008,22.71902997420249],[-73.88152997996069,22.715972854762327],[-73.88930399477479,22.715694962132886],[-73.8901359879135,22.710138912381776],[-73.88735999173429,22.70541594006155],[-73.87958598390263,22.707640883272674],[-73.87124697996347,22.715972854762327],[-73.8709710051824,22.727638037541215]]],[[[-73.8709710051824,22.727638037541215],[-73.86430399776931,22.7148609838284],[-73.87069698833913,22.71375091546341],[-73.87486401533738,22.70652811123164],[-73.86458702038901,22.701528147930496],[-73.85986201069312,22.696806077609292],[-73.85541601161755,22.70013808430761],[-73.85597198791905,22.710138912381776],[-73.84708298147281,22.73041786577133],[-73.85375201410875,22.736529102172586],[-73.85874998212485,22.737638870570407],[-73.86458698206599,22.730137870097593],[-73.8709710051824,22.727638037541215]]]]},"properties":{"source":"https://simplemaps.com","id":"BSAK","name":"Acklins"},"id":1},
{"type":"Feature","geometry":{"type":"MultiPolygon","coordinates":[[[[-77.81295699768994,25.410929987017674],[-77.81569699882539,25.40958299339857],[-77.81764299764744,25.399584986767415],[-77.81319400134637,25.397363007575358],[-77.80763999783278,25.39986098780903],[-77.81295699768994,25.410929987017674]]],[[[-77.90430499683706,25.424028982265238],[-77.91010300118877,25.421802006666883],[-77.90902700330118,25.415138018523216],[-77.89819400026029,25.42291600146014],[-77.90430499683706,25.424028982265238]]],[[[-77.82485900072942,25.441528004088813],[-77.83458599962984,25.440139997925975],[-77.83789800127911,25.436803007171275],[-77.8384469988341,25.427913993459295],[-77.84680200105696,25.416806005934866],[-77.85097500329869,25.415138018523216],[-77.85791799829089,25.41763799040621],[-77.86402800254497,25.416528014287316],[-77.88124899903704,25.41874999459665],[-77.89430199927804,25.42152799595059],[-77.90736300087671,25.414028004919945],[-77.90399299686693,25.40850798240959],[-77.88625399774257,25.411805987326535],[-77.87652699723768,25.40708298448415],[-77.86708000086325,25.404861004851004],[-77.85097499812635,25.408470989473287],[-77.84014000179904,25.417918010101413],[-77.83347399668864,25.42847298142279],[-77.8281860033033,25.434326018524864],[-77.82485900072942,25.441528004088813]]],[[[-77.7567740022738,25.444885012752394],[-77.761527997469,25.443749985806026],[-77.76678400156374,25.43151800877877],[-77.76513600255227,25.423525014337475],[-77.76788300167104,25.41851800939074],[-77.7832029992126,25.413512995574305],[-77.78597199873869,25.40680499290708],[-77.80010299704587,25.406806983389863],[-77.79901100275468,25.39541601550462],[-77.78875000149627,25.400417008419442],[-77.7828979984253,25.401489991140387],[-77.77874700032064,25.409305001803297],[-77.7740480030746,25.413761017284134],[-77.7595819975551,25.419027986260204],[-77.76125299773753,25.43874898730643],[-77.7567740022738,25.444885012752394]]],[[[-77.78710899766604,25.467637986941003],[-77.79513599981932,25.46347099898939],[-77.79150400072051,25.45874900403429],[-77.78710899766604,25.467637986941003]]],[[[-77.71430200109671,25.523750006114142],[-77.72347399808147,25.51958398930293],[-77.725694003347,25.512917018672233],[-77.72350999771646,25.502685987250164],[-77.72430299750023,25.489582986027923],[-77.72875200323944,25.48347301811542],[-77.73986099702628,25.478750983366798],[-77.73986099723457,25.46902798451929],[-77.73486199866231,25.468749992511217],[-77.73208599773442,25.47680398732455],[-77.71930700174342,25.487083009748257],[-77.72152700086978,25.497084004859136],[-77.72009399721446,25.509887984455823],[-77.71430200109671,25.523750006114142]]],[[[-77.7106920008366,25.554582004652353],[-77.71430199869616,25.551527992748728],[-77.71600300279889,25.53711001558557],[-77.71208299949033,25.539028997162607],[-77.7120829986962,25.551527992748728],[-77.7106920008366,25.554582004652353]]],[[[-77.72652500166909,25.59291700925014],[-77.72680599747956,25.58680398602517],[-77.71847499820147,25.56902699001257],[-77.71485900086213,25.568471004788538],[-77.71768899968605,25.580971998258597],[-77.72102400021093,25.588195001169932],[-77.72652500166909,25.59291700925014]]],[[[-77.72822599710756,25.606773983989154],[-77.73182700065914,25.605972003649303],[-77.73097200189821,25.597917010515147],[-77.72347399945673,25.593748996989568],[-77.72822599710756,25.606773983989154]]],[[[-77.74956499592508,25.655093977539504],[-77.75180799647298,25.650972980553274],[-77.75069300454714,25.63597202510301],[-77.7468029960478,25.634859978178778],[-77.74208000331343,25.62736201830731],[-77.73900600063737,25.618197003524834],[-77.73325300295866,25.618455016361683],[-77.7374110015799,25.62958400872863],[-77.74541500414604,25.637916022887104],[-77.74547599792784,25.642631988566283],[-77.74956499592508,25.655093977539504]]],[[[-77.8354180049697,25.676105027316435],[-77.83763800151398,25.670973008324896],[-77.84458200276647,25.670695015211354],[-77.84291899783322,25.664027988080115],[-77.83791400513063,25.664304028227374],[-77.83486200619028,25.656528034079635],[-77.82875100026918,25.65013900148355],[-77.8245849990025,25.65041699450552],[-77.83097100311974,25.660972017170295],[-77.8354180049697,25.676105027316435]]],[[[-77.83258000079404,25.69041600436009],[-77.84289600683412,25.688477037522176],[-77.84402400253067,25.682362013901688],[-77.8367920002721,25.68072500149558],[-77.83258000079404,25.69041600436009]]],[[[-77.83458600123153,25.700139006756547],[-77.8381960048968,25.69769302686671],[-77.82902500151994,25.69236300834445],[-77.82708100629831,25.695139034568616],[-77.83458600123153,25.700139006756547]]],[[[-77.82875100266067,25.704531014592163],[-77.83041299995266,25.702360999740737],[-77.82125100629781,25.695139034568616],[-77.8184589964158,25.69736298033006],[-77.82263900369735,25.69958302028709],[-77.82875100266067,25.704531014592163]]],[[[-77.88874700035122,25.816115001907395],[-77.88519200011768,25.808195000640065],[-77.88708599845656,25.798193991606446],[-77.88623799691634,25.787046983214893],[-77.89653099733795,25.790136985515517],[-77.88930600012854,25.777361000700303],[-77.88818399454762,25.76647997027207],[-77.87958499337832,25.77069396390472],[-77.87430700091309,25.770140004978085],[-77.87930299567508,25.780416976443775],[-77.87291699567555,25.780416976443775],[-77.87180400653202,25.774860035598593],[-77.86680600688524,25.76875003754461],[-77.86208400685138,25.758752037392753],[-77.8695820012248,25.75986100668368],[-77.87346599718039,25.756806984611746],[-77.87264299505007,25.75013897297002],[-77.86230500550421,25.74408103007613],[-77.85485899556579,25.73597197575275],[-77.85729999541513,25.729309974916283],[-77.85097499953882,25.718193997474753],[-77.84596999512522,25.7186929733031],[-77.83597600684769,25.714582037519786],[-77.83541799429722,25.707424968735694],[-77.82514099379695,25.70375096597823],[-77.8206949937087,25.698748965478227],[-77.81625299999858,25.700416999992964],[-77.81597200324356,25.719304017770128],[-77.81819199954398,25.730138997504454],[-77.81819199582816,25.739859977184235],[-77.82708099690366,25.737637983065355],[-77.83625000579677,25.73875003169949],[-77.84291900367064,25.743194020063726],[-77.84930500679104,25.754583037081964],[-77.84899899717502,25.764097984586762],[-77.85819299669625,25.767915981982224],[-77.86651700063452,25.774108003458558],[-77.87930299925972,25.795971995973673],[-77.88180500677016,25.804583036802455],[-77.8817760068213,25.81152303706018],[-77.88874700035122,25.816115001907395]]],[[[-77.91070499348602,25.828125964670964],[-77.90736300570859,25.82347203097416],[-77.89541599328012,25.819027963520497],[-77.89319599655215,25.822359981287782],[-77.91070499348602,25.828125964670964]]]]},"properties":{"source":"https://simplemaps.com","id":"BSBY","name":"Berry Islands"},"id":2},
{"type":"Feature","geometry":{"type":"MultiPolygon","coordinates":[[[[-79.54235800972741,23.523751062187017],[-79.54347300381633,23.516526024410137],[-79.53875002271548,23.51486314531526],[-79.53541602051254,23.505696131311776],[-79.52180502325398,23.493473149012708],[-79.51486299938581,23.488750996063477],[-79.50041998746573,23.486249919618754],[-79.50069299702086,23.49013898090034],[-79.51680701978496,23.495695126771604],[-79.52680097918645,23.501805866711635],[-79.54152598511668,23.518748904818533],[-79.54235800972741,23.523751062187017]]],[[[-79.59625299276212,23.58541795395999],[-79.5951389868058,23.576804916019384],[-79.59124797905521,23.57041686662113],[-79.58708199507291,23.57013896862197],[-79.59625299276212,23.58541795395999]]],[[[-80.38986198066578,23.701527879233],[-80.39208198221229,23.699305888878346],[-80.39152598793176,23.690414924559903],[-80.38680299203753,23.685416950204825],[-80.37986100530519,23.688749033172808],[-80.38014098742633,23.69180592139649],[-80.38986198066578,23.701527879233]]],[[[-79.20986199779905,25.42541698786373],[-79.2084739972973,25.416249985085464],[-79.20347599956224,25.417083997584413],[-79.20319299678435,25.424028982265238],[-79.20986199779905,25.42541698786373]]],[[[-79.29125199680823,25.569304982626907],[-79.29235799766572,25.56736098729242],[-79.28291299674466,25.55541598225892],[-79.27847300340348,25.54708401856319],[-79.27291900325957,25.555140017767908],[-79.27902899948377,25.5548599971863],[-79.29125199680823,25.569304982626907]]],[[[-79.25485900689347,25.779029036900532],[-79.26319199740202,25.77597298609176],[-79.26846999907042,25.767359995020556],[-79.27847300124692,25.75986100668368],[-79.28013700548493,25.752917029413805],[-79.29541900469016,25.732915025187935],[-79.30124599579571,25.719027977398724],[-79.29985800072052,25.714028003875278],[-79.30236099623097,25.701250979708878],[-79.28763500634308,25.697083034167857],[-79.27291899886451,25.696806993882916],[-79.25986400344495,25.687916018577297],[-79.25208300344467,25.687916018577297],[-79.24514100062032,25.694304003344698],[-79.2615280011681,25.704027006290794],[-79.26958499738471,25.70680498592101],[-79.27847299863618,25.706526992659214],[-79.28485899549143,25.710137975739762],[-79.28819400074299,25.715972003996054],[-79.29680699832963,25.72041599102106],[-79.29430400324941,25.72930501745588],[-79.28958200467243,25.739028025082263],[-79.2848589946648,25.74208197136636],[-79.27874700058709,25.754029003148485],[-79.27041600569143,25.7548610305199],[-79.27041600270395,25.761527014491964],[-79.26457999718684,25.771803984934788],[-79.25680500363961,25.771528019493974],[-79.25792000368843,25.759305019775063],[-79.26264200284466,25.747360015265283],[-79.2676380035839,25.741250019240763],[-79.26541800564529,25.734862030323754],[-79.27097300345308,25.73319301854964],[-79.2715310019212,25.72763901032523],[-79.26125400192095,25.72763901032523],[-79.25375399425226,25.73624996912555],[-79.24013600466958,25.739028025082263],[-79.24847499597288,25.77208197842952],[-79.25485900689347,25.779029036900532]]]]},"properties":{"source":"https://simplemaps.com","id":"BSBI","name":"Biminis"},"id":3},
{"type":"Feature","geometry":{"type":"MultiPolygon","coordinates":[[[[-76.16290401615395,23.818482105599998],[-76.16764001435772,23.81374909388474],[-76.1715240148114,23.8140290968443],[-76.1756969999875,23.80847199991847],[-76.17125000083836,23.803194005486027],[-76.16541298599876,23.801249908360624],[-76.15819498427373,23.81013789712687],[-76.16290401615395,23.818482105599998]]],[[[-76.19261198312803,23.83903288991692],[-76.19430598216778,23.83041588357989],[-76.19152798320803,23.82319589030945],[-76.18180898327626,23.82125089072533],[-76.17597201355261,23.822083088556372],[-76.18819299767594,23.83180598482753],[-76.19261198312803,23.83903288991692]]],[[[-76.22375501758704,23.862310114505316],[-76.2273649976755,23.85430598485768],[-76.23097298255817,23.85541788639386],[-76.23569499742412,23.850138983216794],[-76.22319799715532,23.83763798144559],[-76.21930801268343,23.84013908272008],[-76.21902501292806,23.851806084242725],[-76.21485899767585,23.85430598485768],[-76.22375501758704,23.862310114505316]]],[[[-76.25208201513144,23.890959098271562],[-76.2526240173747,23.88708411287221],[-76.24485699935349,23.875414995796582],[-76.23986098504227,23.879305902757167],[-76.24791801697302,23.884862110287887],[-76.25208201513144,23.890959098271562]]],[[[-76.27847199627776,23.92097297588845],[-76.27986199352162,23.916869958022634],[-76.27319399051517,23.904304938478916],[-76.26569302133846,23.90513713841253],[-76.27069097800334,23.912639857408415],[-76.27847199627776,23.92097297588845]]],[[[-76.28874898338287,23.92791689242945],[-76.2909709825586,23.935121887157635],[-76.29624902106323,23.94347213618088],[-76.30152999200052,23.94736094830017],[-76.30347398050236,23.955692874069822],[-76.31180698408524,23.9615278972663],[-76.31236297995918,23.95430487056314],[-76.30763997884624,23.952082863343783],[-76.30267401926157,23.942078124535225],[-76.30597001802956,23.937360116605884],[-76.29840099451388,23.93572996451171],[-76.29875199905439,23.929026993880264],[-76.28874898338287,23.92791689242945]]],[[[-76.32681900320823,23.965423020699905],[-76.32680599881112,23.95986199232621],[-76.3187489936375,23.95041695889818],[-76.31708499640571,23.956248976790462],[-76.32259398391598,23.964574896212365],[-76.32681900320823,23.965423020699905]]],[[[-76.4020920048674,24.117621031011893],[-76.41124799598514,24.107916974404457],[-76.39617998437728,24.103515900346707],[-76.39569001825774,24.10097211648619],[-76.40402999623875,24.095971975996928],[-76.40960699870938,24.089904991761202],[-76.40403001366795,24.08458308730299],[-76.39568997792595,24.08069485894763],[-76.38652801107833,24.0823610707907],[-76.38291999112644,24.079025943281863],[-76.38097402111883,24.063749135150744],[-76.37569498253441,24.056804888161626],[-76.37261200611759,24.04875203919934],[-76.37236099794886,24.040971986849534],[-76.3664849796972,24.034044869752083],[-76.3640280165182,24.027361106026543],[-76.35986201756796,24.028749112759005],[-76.35680399469244,24.020415965911425],[-76.34680300857869,24.013490055135733],[-76.34103398152459,24.004304881167435],[-76.33741000565055,23.995138036371152],[-76.33180100098268,23.98791800632916],[-76.33097198132069,23.982360879640858],[-76.32547699176017,23.974582946872196],[-76.32507301838412,23.96930011858421],[-76.31930500311891,23.967916020121947],[-76.31787098741009,23.96209691873924],[-76.31236300187501,23.965140012101113],[-76.31651297780593,23.97292785686384],[-76.32263897920552,23.97930486596557],[-76.32681198571709,23.9887499080084],[-76.33624998152571,24.004304881167435],[-76.3462530206671,24.014028132823164],[-76.35290602330798,24.0249011496583],[-76.36347198065609,24.03930487594869],[-76.36406698524107,24.044856905392532],[-76.3740219939238,24.061278961104563],[-76.38180601107773,24.0823610707907],[-76.38488700722107,24.08490004613452],[-76.38874799898198,24.09819399350369],[-76.39624897678834,24.10541585196054],[-76.4020920048674,24.117621031011893]]],[[[-76.47152599338881,24.160415958055726],[-76.48569598644734,24.155971914002116],[-76.48596901020782,24.15097206479926],[-76.47763900826705,24.14958405249052],[-76.47708001996554,24.157084126695825],[-76.47152599338881,24.160415958055726]]],[[[-76.44262699662131,24.185730978598507],[-76.44180398953051,24.17735993363899],[-76.44652599718344,24.172360982141537],[-76.44291600579353,24.16819303674887],[-76.43569098995853,24.167916936299896],[-76.43875199797111,24.182083987144114],[-76.44262699662131,24.185730978598507]]],[[[-76.4568029893882,24.194726932840666],[-76.45652698328647,24.18291589412618],[-76.45486302107093,24.177084133540365],[-76.44930199324351,24.179581957185434],[-76.45041702082241,24.186250131879515],[-76.4568029893882,24.194726932840666]]],[[[-76.45986201497438,24.20255509470801],[-76.45680301953067,24.195754123596178],[-76.44486301129672,24.18986107153334],[-76.44736499244195,24.197082952169968],[-76.45397898258571,24.198486889817286],[-76.45986201497438,24.20255509470801]]],[[[-76.47291599859267,24.209027991106108],[-76.48110301904359,24.219861120248062],[-76.48430502349049,24.213751148392536],[-76.47736301454776,24.209304091940414],[-76.47291599859267,24.209027991106108]]],[[[-76.49819202108105,24.25236113274497],[-76.49903100997889,24.247083062861854],[-76.49597201803708,24.243195113662726],[-76.49041802256978,24.245417142211444],[-76.49124999929273,24.249582995545477],[-76.49819202108105,24.25236113274497]]],[[[-76.51624999363452,24.25733395994301],[-76.52124798482353,24.250414904450658],[-76.51847198346145,24.234027895736666],[-76.51402997907621,24.231805868060793],[-76.50848499919917,24.235472994951895],[-76.51541999416673,24.239305963239783],[-76.51486201646324,24.25013910366254],[-76.51624999363452,24.25733395994301]]],[[[-76.5220869959151,24.284305974351188],[-76.52569702223245,24.274861139696707],[-76.52539798495148,24.26458890536684],[-76.52319398779775,24.260679923240197],[-76.51542000611943,24.260140038501223],[-76.5143059994663,24.25708399664145],[-76.50458497882722,24.25513686671869],[-76.5037239924078,24.262694952235716],[-76.51152700037552,24.264862002362573],[-76.5220869959151,24.284305974351188]]],[[[-76.53819301393801,24.312084087307305],[-76.53819299619711,24.30486097616594],[-76.53338602339997,24.28930614685034],[-76.52902901630357,24.293194102290236],[-76.53009097829538,24.29736086387086],[-76.53597299403629,24.30402696261955],[-76.53819301393801,24.312084087307305]]]]},"properties":{"source":"https://simplemaps.com","id":"BSBP","name":"Black Point"},"id":4},
{"type":"Feature","geometry":{"type":"MultiPolygon","coordinates":[[[[-75.97041297810893,24.59069386493017],[-75.9648580199518,24.585138123170843],[-75.959304006597,24.585696040727626],[-75.9531940204229,24.58125012613854],[-75.94958601554502,24.572083096088264],[-75.93514297766404,24.562637861802504],[-75.92291999247387,24.56625095344058],[-75.91735898113262,24.56347188324418],[-75.9043039792996,24.567082871916483],[-75.89958197661316,24.570416855325366],[-75.89152498278939,24.56791689349913],[-75.89041999794061,24.575694987265056],[-75.90680699253359,24.574306953830998],[-75.91597099794001,24.575694987265056],[-75.93653098082706,24.583471881577694],[-75.94513700659587,24.585696040727626],[-75.94736400261594,24.588750016148648],[-75.9568019803885,24.587359878940294],[-75.97041297810893,24.59069386493017]]],[[[-75.70680301452548,24.696528089150835],[-75.72235798242049,24.693195892097464],[-75.72264098254504,24.689861892832944],[-75.72985901812412,24.6837491113225],[-75.74263797586585,24.67819485172041],[-75.76069598220961,24.679582890734952],[-75.76152801817656,24.67347011169338],[-75.75375301023031,24.668194062898447],[-75.74375299995737,24.66597199973808],[-75.73680800586557,24.656530036106712],[-75.73735698501699,24.64124990765561],[-75.72791299775459,24.64402898616265],[-75.71208200378429,24.64541702332399],[-75.70292002304454,24.635140142167792],[-75.68180798138108,24.625694885014063],[-75.67236298830446,24.619860927727128],[-75.65708197744459,24.60597186043012],[-75.65125401400725,24.59930508673025],[-75.6426390198672,24.585138123170843],[-75.64069501135702,24.57902807044777],[-75.63930397592553,24.562083850456037],[-75.64125101215167,24.55902807550008],[-75.6412510085557,24.549861053197752],[-75.64568998628751,24.539860914674545],[-75.64902499620557,24.538194976387334],[-75.6484760087769,24.528750054662687],[-75.6448590055093,24.52791603431623],[-75.62875398378691,24.53069389901563],[-75.61653101703462,24.530972106117048],[-75.6045839788082,24.529305867948477],[-75.59680099729167,24.52569398311741],[-75.58625098267676,24.512916891884114],[-75.58597498731909,24.50985992083674],[-75.57736200690081,24.50180604311347],[-75.5745859889397,24.49680493087066],[-75.5729130088206,24.484029055190046],[-75.558746011714,24.470971073385563],[-75.54958400906584,24.455694056872453],[-75.54985699898597,24.452637993637662],[-75.54458599116866,24.445139944547794],[-75.53569698470812,24.422915903798803],[-75.53041898245257,24.406250889452767],[-75.52569598716705,24.397083919089177],[-75.51597602236107,24.381805141177225],[-75.51041499055448,24.376247940335297],[-75.49597201814284,24.35708511480267],[-75.47985798726295,24.339581919274252],[-75.47597498006814,24.324028873511597],[-75.47125199756947,24.318471984568983],[-75.47235799653467,24.311527977986362],[-75.46708602324838,24.30291714780144],[-75.46319602324729,24.30291714780144],[-75.46041998899543,24.295137929990496],[-75.44902800195796,24.294026012459803],[-75.44097198280262,24.299028890597068],[-75.42819299364695,24.297082959571686],[-75.41569600596239,24.288750037974776],[-75.40958300448872,24.281249028607835],[-75.40347299649497,24.263193977628248],[-75.40291700219876,24.25847201404054],[-75.39763598252456,24.25652788839056],[-75.39291398699532,24.243747916855227],[-75.39514099777114,24.22541498572995],[-75.40235901772087,24.21097211357595],[-75.39736301434232,24.209304091940414],[-75.40458801543981,24.201249099028768],[-75.4165259925439,24.197082952169968],[-75.4226379820162,24.20013688467286],[-75.4376370188131,24.194305120677683],[-75.44930201435153,24.191529092063735],[-75.46763501680365,24.184028107831182],[-75.48791499514687,24.170972968833837],[-75.50624799467529,24.1609729657875],[-75.51958401682072,24.155416108106472],[-75.52958700172,24.155694011053008],[-75.53180699164395,24.14902794627846],[-75.5156929911866,24.138470943280097],[-75.51457898440863,24.133472899618482],[-75.50096999045294,24.12680593849053],[-75.49791800079868,24.122918005148172],[-75.48847098914207,24.12597193002855],[-75.47985798914331,24.12597193002855],[-75.46791801589795,24.12264010250599],[-75.46263902228624,24.115973143779804],[-75.4543069831135,24.121527891092324],[-75.44430598621571,24.13486091117928],[-75.43181000040629,24.14458300261657],[-75.41263501876364,24.14652712084784],[-75.40513699393611,24.14013896092241],[-75.39458399210608,24.138750949117014],[-75.38458401875661,24.14652712084784],[-75.37875401803143,24.145696116192028],[-75.37291700814767,24.14958405249052],[-75.36513599166236,24.14902794627846],[-75.35653001340731,24.153194086369993],[-75.34680200171584,24.155694011053008],[-75.33486200315782,24.156528020343767],[-75.3268049813475,24.152361879786113],[-75.32485900227843,24.145971014692734],[-75.31207999763225,24.142914984726403],[-75.30513701873689,24.14652712084784],[-75.30319099257602,24.139304952089624],[-75.29402902042071,24.13680713182671],[-75.29374597802357,24.150139858277402],[-75.29985898135416,24.152361879786113],[-75.29931000460176,24.157362029657936],[-75.30208602021573,24.167361130180787],[-75.31874798665206,24.20236191429906],[-75.32402701939532,24.211806124429366],[-75.33402998026118,24.22430487350879],[-75.33541797688402,24.230417851940604],[-75.34208697739653,24.23874985533088],[-75.34625297739534,24.23874985533088],[-75.35431000982953,24.247083062861854],[-75.35930601914768,24.25902812232892],[-75.36013799091342,24.26791594199093],[-75.367637996692,24.27763897890045],[-75.37763900095334,24.286528006076555],[-75.38014199596351,24.29124997428553],[-75.3820810211015,24.30208313431211],[-75.39013799625418,24.30486097616594],[-75.40013898782622,24.31458192260903],[-75.40458797786698,24.323194859400758],[-75.41791597708949,24.329304854558337],[-75.42430901517814,24.337918096281648],[-75.43680498024281,24.342915874743944],[-75.44930201322839,24.34930708380901],[-75.46708601371903,24.36152708681275],[-75.4720839872318,24.36347091922341],[-75.48124599461808,24.37180596597916],[-75.48986102235332,24.381805141177225],[-75.49402501115193,24.389027070387765],[-75.51791302164973,24.419306136271665],[-75.52569599498949,24.431250968496215],[-75.55319199141614,24.479027946256224],[-75.55819700955983,24.493473059781245],[-75.56930500043997,24.517915002745927],[-75.56958101499305,24.52180509352663],[-75.57736201203763,24.529584075035338],[-75.58652402040177,24.53624812708793],[-75.58930202324228,24.545415144668215],[-75.59930299536329,24.550692971156113],[-75.61264098903939,24.565416931910793],[-75.62013900593627,24.577640036837188],[-75.6179189809075,24.583471881577694],[-75.62264198047485,24.587359878940294],[-75.62486401776667,24.5962511100738],[-75.6259690019309,24.611804011947708],[-75.6254199795499,24.632639873683534],[-75.6243050199879,24.638194123407967],[-75.63625301197496,24.643748073889086],[-75.64041902275886,24.65319514031113],[-75.65985798036891,24.66874987915994],[-75.67624699054464,24.684858941887594],[-75.68846999130493,24.691803946600178],[-75.69208499747158,24.68958398447028],[-75.70680301452548,24.696528089150835]]]]},"properties":{"source":"https://simplemaps.com","id":"BSCI","name":"Cat Island"},"id":5},
{"type":"Feature","geometry":{"type":"MultiPolygon","coordinates":[[[[-77.07847600367282,26.280972019422205],[-77.08291599373531,26.27791596686643],[-77.07819300155487,26.273196008227927],[-77.07180698723168,26.27736193245616],[-77.07847600367282,26.280972019422205]]],[[[-77.30041598846172,26.339859939439947],[-77.30513799845441,26.336805991886973],[-77.29069500365073,26.32958401917957],[-77.28847600028766,26.33236200151143],[-77.30041598846172,26.339859939439947]]],[[[-77.28708799625456,26.35652798036393],[-77.29319799227822,26.35541795951734],[-77.31263700848825,26.346805044521126],[-77.32125199043378,26.347638949834835],[-77.31874900392816,26.34180702060974],[-77.31180500153427,26.34013800805192],[-77.30319200501575,26.34958302630537],[-77.29541800501534,26.34958302630537],[-77.29013898892903,26.34597294191299],[-77.2934709933341,26.340972965013272],[-77.28597298785846,26.3359719362429],[-77.28263899461648,26.330415971716874],[-77.2831950005094,26.32402700267781],[-77.29041300064553,26.31180700339631],[-77.28680500382056,26.306804020108117],[-77.2818069892134,26.313194943254025],[-77.28041900050937,26.32402700267781],[-77.28152400118773,26.330140006240832],[-77.27930400092679,26.3362500048672],[-77.28569701345576,26.34569307060608],[-77.28708799625456,26.35652798036393]]],[[[-77.26625199348832,26.367081965880512],[-77.27069099522232,26.35874997495183],[-77.26875400848348,26.346805044521126],[-77.26041499238292,26.343194960011193],[-77.26457900387317,26.354030020316273],[-77.26152699668451,26.3604159826183],[-77.26625199348832,26.367081965880512]]],[[[-77.290968996501,26.386527981699686],[-77.29319799123358,26.383751954141683],[-77.29513500764506,26.36513804004994],[-77.28652900994669,26.36680705210672],[-77.28208298809623,26.364305937626288],[-77.27708401137846,26.368473059606476],[-77.28902499720348,26.370416985355412],[-77.2870880013988,26.38152800731937],[-77.290968996501,26.386527981699686]]],[[[-77.2323610015517,26.39930500811413],[-77.23735900983364,26.394582051435854],[-77.23735899020497,26.389861948747768],[-77.24930600174973,26.389304009154852],[-77.2556919988596,26.382083994031074],[-77.25986599904842,26.38597199502073],[-77.26597601213173,26.38625006347375],[-77.25930699750543,26.374304986935186],[-77.25291401169825,26.37236106128248],[-77.24624500664954,26.37347303483409],[-77.24986198916447,26.36208394319014],[-77.2404180072505,26.361250038021556],[-77.23958599228361,26.35541795951734],[-77.2240279929315,26.347082962884564],[-77.22041400392315,26.34180702060974],[-77.2173619933012,26.353195964839788],[-77.21930599456905,26.364859971521167],[-77.217917997206,26.370416985355412],[-77.23152899131702,26.377638954519814],[-77.23236101421716,26.371805074500752],[-77.23930299862171,26.372082992779053],[-77.23347498715275,26.383471932740456],[-77.23652701093373,26.388472057217722],[-77.22985798716671,26.397360932882584],[-77.2323610015517,26.39930500811413]]],[[[-77.29180999383917,26.404860967824476],[-77.29985800027987,26.401527001462313],[-77.302918009842,26.394582051435854],[-77.31236298595675,26.385693926566663],[-77.31153099407787,26.380970969021078],[-77.30291801224247,26.380137064052867],[-77.29819400583986,26.389584030534277],[-77.29847001202653,26.396251062848354],[-77.29180999383917,26.404860967824476]]],[[[-77.23735899457827,26.412639971681287],[-77.22625099729598,26.4276389858912],[-77.22708000861701,26.43402704494063],[-77.23708301038508,26.427917054180018],[-77.24430799611858,26.425972979749613],[-77.24764299567036,26.41819397739822],[-77.25375301013544,26.416250052914357],[-77.25375301025524,26.412362053555984],[-77.23541999688362,26.419859983731836],[-77.23735899457827,26.412639971681287]]],[[[-77.23902998882843,26.44958294181669],[-77.24485699408172,26.443749969165097],[-77.25486099298176,26.442083963434225],[-77.25846799978987,26.438749998905397],[-77.26875399451316,26.43986197141331],[-77.26541998592519,26.43291792662643],[-77.27430601300665,26.427361067827192],[-77.27874799306747,26.418749963826603],[-77.28514100099927,26.413194005216372],[-77.28375300240914,26.407084012581734],[-77.2887490142305,26.405696074320407],[-77.29208298972148,26.39680494628529],[-77.2809750133704,26.401805069856316],[-77.28125098666217,26.411249930365678],[-77.27513799840717,26.413749991685183],[-77.26875401344408,26.419585070155694],[-77.26152699444894,26.41652797102401],[-77.25763700997395,26.420138052052813],[-77.2623589987309,26.425416993380573],[-77.255142999911,26.427082999536022],[-77.24319399902058,26.433195994893072],[-77.24346900242571,26.43819401264429],[-77.23596899978989,26.438749998905397],[-77.23596901091393,26.44513805686442],[-77.23902998882843,26.44958294181669]]],[[[-77.21986400462738,26.486249024038223],[-77.22374799246882,26.47652896085041],[-77.22569200031035,26.465416001614983],[-77.21291301241212,26.464028064594718],[-77.21624700996882,26.47013805185283],[-77.22125200727326,26.47069403782812],[-77.21375198792877,26.48486093728168],[-77.21986400462738,26.486249024038223]]],[[[-77.26041498703654,26.483194932678096],[-77.25597298879802,26.486526941837198],[-77.25319700508075,26.497360026359903],[-77.26125399602846,26.508472979415487],[-77.26291700232748,26.497916012073496],[-77.27124801347826,26.50041606989383],[-77.28097498996608,26.51041494801469],[-77.28569700636287,26.504583032979042],[-77.29208300359296,26.505139018620437],[-77.29041300028926,26.511249001498737],[-77.2968060070964,26.51097303675768],[-77.29430299325485,26.504304965043392],[-77.3001400118705,26.497084061549423],[-77.29374700151403,26.496250007851707],[-77.28569700910582,26.48736204725857],[-77.28152399412771,26.489305969527027],[-77.27569598606274,26.487082927656946],[-77.27153000827744,26.476251043003685],[-77.26319101004773,26.474029052215673],[-77.25875099957045,26.46930399776724],[-77.27319399762158,26.465971987633974],[-77.27375000997625,26.47013805185283],[-77.28125099607625,26.473747979613922],[-77.28430200997765,26.47013805185283],[-77.28013601242291,26.464028064594718],[-77.27347701120472,26.458471058290552],[-77.26542001041355,26.460696054171017],[-77.264579005645,26.450971029388015],[-77.26208500607751,26.44236203166158],[-77.24513999782111,26.44485998864915],[-77.2340250010017,26.46152800521272],[-77.23930301409752,26.46180607335358],[-77.24013499860084,26.467637992723684],[-77.2304150134051,26.465694069738053],[-77.23014099148122,26.470971955700886],[-77.23486301004407,26.474029052215673],[-77.2281950055821,26.48236102900324],[-77.23569499153064,26.48597095601208],[-77.23319299711372,26.493473985017655],[-77.23513700068975,26.494584003580556],[-77.23458099498309,26.49097197395335],[-77.24624500996586,26.489028051741535],[-77.24847399116254,26.49541595414159],[-77.25291400426332,26.4956940221216],[-77.25624899520429,26.48152697509056],[-77.26041498703654,26.483194932678096]]],[[[-77.28208299628892,26.521249980789726],[-77.2837529982284,26.513470990824292],[-77.27124801133387,26.5137490587133],[-77.27124801431917,26.518750074149594],[-77.28208299628892,26.521249980789726]]],[[[-77.34958599001384,26.540695948428688],[-77.3518059874339,26.53569493508183],[-77.34708298567357,26.53319292596924],[-77.34569598851071,26.52458394058907],[-77.33597500042794,26.524026002213457],[-77.3351360005522,26.535973002853858],[-77.34680099311579,26.5345829644302],[-77.34958599001384,26.540695948428688]]],[[[-77.23903000225452,26.540971011659888],[-77.24680400055159,26.535973002853858],[-77.2518090106775,26.530417055255686],[-77.25902500051907,26.516806002689066],[-77.2520819947203,26.512360972640387],[-77.24986201392225,26.50597307218486],[-77.2415320003734,26.500138001937255],[-77.24013499804947,26.506250989886336],[-77.2440259947209,26.512360972640387],[-77.23625099021382,26.51597194929069],[-77.23958600939082,26.52152804863842],[-77.23152899198931,26.52569395851918],[-77.23069700454174,26.538749023494866],[-77.23903000225452,26.540971011659888]]],[[[-77.3015279934225,26.541805966013985],[-77.32208400113075,26.53763900584327],[-77.32263999757339,26.530138987453903],[-77.30930199694949,26.528472984223658],[-77.30236000509227,26.525972026344526],[-77.29708199474653,26.53069497283028],[-77.29430300113033,26.53763900584327],[-77.3015279934225,26.541805966013985]]],[[[-77.25486100421189,26.54430602177248],[-77.25846798744907,26.53569493508183],[-77.26374900906231,26.534305046876444],[-77.26764000443981,26.524306022982124],[-77.25458498917057,26.52624994394271],[-77.25486100421189,26.54430602177248]]],[[[-77.21680400974729,26.549584050390813],[-77.22319900473626,26.545972024489856],[-77.22264000652562,26.542084033752833],[-77.21541598970555,26.542358946750866],[-77.21680400974729,26.549584050390813]]],[[[-77.17874899988551,26.557638999408688],[-77.18569100784258,26.553472040548463],[-77.17763401310566,26.550694067780938],[-77.17263800231706,26.55541701198017],[-77.17874899988551,26.557638999408688]]],[[[-77.0198590111663,26.554582057852066],[-77.02847399763394,26.552637987741598],[-77.02014100186997,26.54652800969469],[-77.0198590111663,26.554582057852066]]],[[[-77.19347399286262,26.56597096313746],[-77.19596801094853,26.561805056563216],[-77.20291901094961,26.561805056563216],[-77.19875299897366,26.55430699469524],[-77.19069599012593,26.558470948972502],[-77.19347399286262,26.56597096313746]]],[[[-77.34986200712429,26.591527036648877],[-77.35458400768285,26.580972039552083],[-77.34708298704571,26.577637933287825],[-77.34986200712429,26.591527036648877]]],[[[-77.34764198697368,26.60291593304681],[-77.33318999675996,26.589026983326256],[-77.33041399456945,26.58069397203404],[-77.32624801295428,26.576528066736714],[-77.32013700767943,26.580972039552083],[-77.32819399600572,26.58402897943553],[-77.32958200435321,26.593749022396132],[-77.3354190086017,26.596528044240777],[-77.33875300309028,26.602638015886374],[-77.34764198697368,26.60291593304681]]],[[[-77.38097400255224,26.617361013098105],[-77.38069200140535,26.609861007217106],[-77.3754200145996,26.611805074962223],[-77.38097400255224,26.617361013098105]]],[[[-77.37458100564626,26.620137028973257],[-77.36624899526595,26.60930697568595],[-77.36653099378793,26.600973968074364],[-77.36180899378833,26.600973968074364],[-77.36042099127144,26.608193955162445],[-77.36541701163029,26.614027059713955],[-77.37458100564626,26.620137028973257]]],[[[-77.41263599034625,26.6237499505022],[-77.4137499863521,26.615972929982203],[-77.40597598934613,26.613750945327915],[-77.40597599645474,26.618472981813746],[-77.41263599034625,26.6237499505022]]],[[[-77.42958100147578,26.65458400754755],[-77.43541798860868,26.652639941738947],[-77.44403100794537,26.64513904065661],[-77.44374799759598,26.638470987693015],[-77.43930898724811,26.625971934650263],[-77.42791800155598,26.613193007983273],[-77.4320840133372,26.605138068465],[-77.4248589999431,26.60152799970801],[-77.42152501333535,26.605138068465],[-77.42069301163866,26.614027059713955],[-77.43069399645366,26.618472981813746],[-77.4326399872492,26.625971934650263],[-77.43597399417014,26.629027970129602],[-77.43597400107579,26.64374900550638],[-77.42958100147578,26.65458400754755]]],[[[-77.34874701404071,26.65819407186287],[-77.35375201404169,26.65819407186287],[-77.35902399198999,26.650417958985024],[-77.35041799465219,26.64652697260605],[-77.34486401428057,26.650694073135345],[-77.342636987849,26.657637937802708],[-77.34874701404071,26.65819407186287]]],[[[-77.06375001022015,26.551250052933508],[-77.05819600574459,26.54930402975962],[-77.05680800420105,26.54430602177248],[-77.06569700027637,26.54153000143318],[-77.07208301442095,26.545140074717725],[-77.08069598879956,26.546249941980214],[-77.094024011177,26.554582057852066],[-77.10597099454574,26.56041697178681],[-77.1134720104873,26.56902805420814],[-77.12319298708327,26.577637933287825],[-77.13458098969507,26.575415946775966],[-77.1418090001595,26.57791600082387],[-77.1551369906059,26.588472951541775],[-77.16291801106044,26.591807057034224],[-77.16791598953324,26.597361946054512],[-77.17097499407882,26.604305969499897],[-77.17680501016301,26.60402805234801],[-77.18263900577305,26.59875002974598],[-77.20458299549995,26.596249976815848],[-77.22680699994316,26.60152799970801],[-77.23652701040672,26.607360053548156],[-77.24124999845736,26.612082992065908],[-77.24874800155233,26.613193007983273],[-77.2570800056377,26.620137028973257],[-77.26930300732366,26.627640037609808],[-77.27652799473745,26.63569497299411],[-77.28125100096645,26.633750004960383],[-77.28791700759083,26.6393050389379],[-77.29069500792966,26.64513904065661],[-77.3054209940254,26.662359969414084],[-77.31236301254498,26.674027064159894],[-77.31513901018776,26.688060052046847],[-77.32791799818115,26.67874699070351],[-77.32902598715557,26.670138934304077],[-77.35069400305785,26.671527015634172],[-77.35513999708411,26.666804985087406],[-77.3534699943295,26.66069397098518],[-77.3393030073399,26.665973037549325],[-77.33680701433516,26.66152907336214],[-77.3290259914638,26.659583956304463],[-77.33403100147397,26.65458400754755],[-77.33347199152709,26.647082956589806],[-77.34819798776768,26.63513793728298],[-77.34597099733048,26.625139986302244],[-77.3462520055525,26.61513902851356],[-77.3409729912737,26.608193955162445],[-77.33736499526776,26.60930697568595],[-77.32875000877826,26.59819404514694],[-77.31791698826324,26.594026939610714],[-77.30958500136985,26.59430500704915],[-77.29708200560877,26.597084028860134],[-77.29875199355578,26.58791696681863],[-77.29374700937451,26.585973048280305],[-77.29430300767689,26.580972039552083],[-77.27735801032112,26.578750053196554],[-77.2709739981283,26.57208199034772],[-77.26652500502864,26.571806025935967],[-77.25096999752064,26.580137987218624],[-77.24375198968045,26.575415946775966],[-77.23542000537357,26.573472027722456],[-77.22291601000195,26.577084051594536],[-77.21124901260778,26.574862065056823],[-77.19958500340518,26.579026017568065],[-77.19680899690971,26.576805984053657],[-77.18374700536998,26.573472027722456],[-77.17652899164636,26.560972956830224],[-77.16735798766844,26.560692936263344],[-77.15208501296901,26.557917067059677],[-77.14458499454304,26.56041697178681],[-77.1418089944973,26.569305971568607],[-77.13180499763078,26.552637987741598],[-77.12902699112465,26.544027954045756],[-77.12847100844766,26.53263904377949],[-77.13375201080844,26.517640056074463],[-77.13791600028861,26.511249001498737],[-77.14319699677657,26.5101389832694],[-77.1506950063518,26.504583032979042],[-77.15180301265725,26.498750065746442],[-77.15930098728741,26.49985993397928],[-77.16513800232457,26.497916012073496],[-77.1659700015789,26.507361008194586],[-77.157913002328,26.50902701208239],[-77.15513698696645,26.50375093232889],[-77.14624801360233,26.517084070560887],[-77.15291701285166,26.52263806663261],[-77.16208600121219,26.518472006286398],[-77.16458200724176,26.523750037538125],[-77.16402299253686,26.532916961342227],[-77.16986001066618,26.530417055255686],[-77.17097500227032,26.526528011765116],[-77.18069498981669,26.527915947243613],[-77.1837469919293,26.53125095820072],[-77.18069498746166,26.53569493508183],[-77.1976409908763,26.53680495277542],[-77.20569499312836,26.5345829644302],[-77.2112489942885,26.53791497044504],[-77.21791800905693,26.534305046876444],[-77.22347199029143,26.53513894975901],[-77.2270799898106,26.527915947243613],[-77.22374800096965,26.52319600502288],[-77.22458700121322,26.518472006286398],[-77.21875000358956,26.505139018620437],[-77.21236400635681,26.504583032979042],[-77.20263598923295,26.49763794410448],[-77.19764098923362,26.49763794410448],[-77.18791999603226,26.508472979415487],[-77.17874900557833,26.5029170289567],[-77.1809690064696,26.484027033630817],[-77.18736200727005,26.47069403782812],[-77.1895840010011,26.46152800521272],[-77.19013998617967,26.45013892797854],[-77.19708199517568,26.445415974852523],[-77.19736501123882,26.43347105863918],[-77.19013999584776,26.429860978327696],[-77.18930799929721,26.43485899633338],[-77.1829149990213,26.433195994893072],[-77.17708499826763,26.440971990964677],[-77.17207999937187,26.442637996724457],[-77.17097499753608,26.435417987142298],[-77.17263799729793,26.4276389858912],[-77.1898569961213,26.425972979749613],[-77.1956940003507,26.419307001832465],[-77.20486500035081,26.419307001832465],[-77.20458299322603,26.414861964609408],[-77.21263999899418,26.40374899474159],[-77.21736201207446,26.404027063126968],[-77.2270800009985,26.413194005216372],[-77.23374900099864,26.413194005216372],[-77.23735901291235,26.407918067469243],[-77.23735898848423,26.402914939805026],[-77.23041499899391,26.40374899474159],[-77.22402801206543,26.400139063092716],[-77.21986399761748,26.394306987535135],[-77.21347099287313,26.39319396270732],[-77.2126399976888,26.38430598789811],[-77.21708600692133,26.377361036261387],[-77.20291899228731,26.35541795951734],[-77.18902500682155,26.35736203580688],[-77.17236300724413,26.361250038021556],[-77.16486399668874,26.3604159826183],[-77.15736401033463,26.35458405428091],[-77.16541399095838,26.35152695250499],[-77.16569598796832,26.348194936781454],[-77.17791700102143,26.348473005366493],[-77.17874899593559,26.350414978651926],[-77.19208600350703,26.347917018421683],[-77.19486198991017,26.34375094698673],[-77.20375100944487,26.34458304961647],[-77.20430699493384,26.352636973403538],[-77.20986098994621,26.35374894722707],[-77.21291299044718,26.347638949834835],[-77.21402800184383,26.334028009693238],[-77.21708599462096,26.330415971716874],[-77.22513598902111,26.327639942265524],[-77.23097298671982,26.319860930126485],[-77.24430799900433,26.316250994761017],[-77.24652800466716,26.319027024553474],[-77.2543019990042,26.316250994761017],[-77.25402900470961,26.312917024786444],[-77.24624498673506,26.311525930174504],[-77.23958599982973,26.31402899910435],[-77.22930899408873,26.309027968870986],[-77.2229159865889,26.299305929316812],[-77.21375199617428,26.29402697982607],[-77.21652999833823,26.28736099123292],[-77.20764100127964,26.281528006755632],[-77.21569800086402,26.264861004566644],[-77.2043069981991,26.257033990475037],[-77.18074099565075,26.26859397700994],[-77.14967399990044,26.2788339994746],[-77.13128599048831,26.28228694974178],[-77.11573798757996,26.281313934356582],[-77.10485899593688,26.287916978533637],[-77.09625299040904,26.291250949335865],[-77.08374798630459,26.290970927640476],[-77.08430400128906,26.301250006805407],[-77.07096799393831,26.30069296799247],[-77.06514101353768,26.303750071472216],[-77.04486099732001,26.306249985850297],[-77.0395800125345,26.297637066230216],[-77.04235900894487,26.288195047296025],[-77.04985898631062,26.290970927640476],[-77.05430599254339,26.284584960568534],[-77.05097098723509,26.27736193245616],[-77.05208599094173,26.272361952051646],[-77.0479199972229,26.26986098529658],[-77.03847499373889,26.27791596686643],[-77.03485800673712,26.278194035654302],[-77.0298619933901,26.286247965039195],[-77.02874799618347,26.29402697982607],[-77.02124700845133,26.296527044669848],[-77.01041400750836,26.29263903970328],[-77.00763799963079,26.299583998048846],[-77.00069401359792,26.30986007181654],[-76.99930599488944,26.321250973033287],[-76.99485699552505,26.328193976398428],[-76.99958100274327,26.331806014463886],[-77.0076379866223,26.325970929442462],[-77.01902699963918,26.326248998097626],[-77.01958501362851,26.318195071913593],[-77.02458099977251,26.320138998799997],[-77.0276419999971,26.33847199998526],[-77.03180598697084,26.33819393136798],[-77.03152599728487,26.354305985716174],[-77.02041699128102,26.3576399541352],[-77.00291400782527,26.355140041181485],[-76.99903201367584,26.361804071937414],[-76.99958098835693,26.38124993884897],[-77.0106970116616,26.37236106128248],[-77.01902699610959,26.372638979558822],[-77.03041798835217,26.38124993884897],[-77.03402598580402,26.391806925534965],[-77.03930700174499,26.389304009154852],[-77.04374599768855,26.398194987883624],[-77.04041200240151,26.407084012581734],[-77.0284739897565,26.39680494628529],[-77.02680098979461,26.400692946499817],[-77.0337519885145,26.402914939805026],[-77.0390240141373,26.409584074050294],[-77.04624900133942,26.42486100700696],[-77.05625200015213,26.423195000796333],[-77.05874501435657,26.436806075021092],[-77.05930398885444,26.44958294181669],[-77.05263501133132,26.441250059196843],[-77.05208599585514,26.429860978327696],[-77.04792000745194,26.43236103895979],[-77.05124701243386,26.44291606494942],[-77.05180299732093,26.46041798602508],[-77.0565259937828,26.460970967571743],[-77.05486201365586,26.475139071152007],[-77.04541698707268,26.483194932678096],[-77.0379190042515,26.4956940221216],[-77.04708100203035,26.501807010559023],[-77.05291800707403,26.51097303675768],[-77.05180301148614,26.519306059645853],[-77.05347400571435,26.52763802965425],[-77.05208600112674,26.53763900584327],[-77.04846900134969,26.544862006995608],[-77.042640988805,26.546249941980214],[-77.03902399141757,26.55208395553794],[-77.04902699476249,26.553193972872513],[-77.06375001022015,26.551250052933508]]],[[[-77.31276700304515,26.691805015553353],[-77.30735799946015,26.673748997239276],[-77.29624999402611,26.662359969414084],[-77.28930700415529,26.666529021270684],[-77.27347700698556,26.667639035762104],[-77.26958400305459,26.671527015634172],[-77.26457900846195,26.681250043280937],[-77.2751380089184,26.676249045626264],[-77.28902501168781,26.68069405976386],[-77.30014001087208,26.686528055560185],[-77.30347499708557,26.691250985113022],[-77.30180401044674,26.70180505332339],[-77.31069300354291,26.703750018079365],[-77.31276700304515,26.691805015553353]]]]},"properties":{"source":"https://simplemaps.com","id":"BSCO","name":"Central Abaco"},"id":6},
{"type":"Feature","geometry":{"type":"MultiPolygon","coordinates":[[[[-77.92680402393353,24.213751148392536],[-77.93514200766631,24.21402604752657],[-77.93402901171008,24.207362072634414],[-77.92680402393353,24.213751148392536]]],[[[-77.8815319808845,24.270969881943916],[-77.88957901391974,24.263750086007832],[-77.89708701192174,24.26291607366084],[-77.89958200227164,24.25847201404054],[-77.89763600592056,24.252639036610596],[-77.91014201612884,24.234306099862724],[-77.89152600552445,24.244861034185202],[-77.88541298537007,24.24291690945134],[-77.87430701951622,24.25152712072751],[-77.87347500091742,24.24263900567918],[-77.87763899030783,24.23763793998154],[-77.89013801612477,24.234306099862724],[-77.88930602275711,24.229584140991218],[-77.89375200456507,24.22069302830139],[-77.89236399683053,24.208193980331874],[-77.89458398312395,24.200970895217804],[-77.90875101189397,24.19902707384756],[-77.917356983119,24.200970895217804],[-77.9237530149569,24.20041809283667],[-77.92652902343563,24.196527145501666],[-77.92624599296555,24.188747956300407],[-77.93069502122563,24.186250131879515],[-77.9348610217584,24.19569313508294],[-77.943190986187,24.20236191429906],[-77.94875299938852,24.20069599620631],[-77.94958402279036,24.19597314146007],[-77.95458300386464,24.194583023989512],[-77.95597098295873,24.18291589412618],[-77.9668059807364,24.181527880323],[-77.97291602256149,24.186807140097446],[-77.98180501317647,24.190695081786725],[-77.98902900924739,24.188473057403225],[-77.99485698368713,24.174026898632434],[-77.98708299712675,24.172360982141537],[-77.97819398457824,24.16486090408088],[-77.97569200529873,24.15791603297607],[-77.9679179982807,24.15347198929579],[-77.9626390186496,24.145696116192028],[-77.94430600500546,24.147362031188763],[-77.93819299481568,24.151249967704324],[-77.93458499326229,24.160415958055726],[-77.93013701214761,24.16208307561844],[-77.91764001008434,24.160695062791643],[-77.90569301574388,24.164305098019046],[-77.89375199343456,24.170138959137393],[-77.87763900143857,24.17513700895212],[-77.8673620014383,24.17513700895212],[-77.8587489979334,24.182083987144114],[-77.85541501544645,24.19208309602161],[-77.86235698449819,24.201527903714567],[-77.8626400099709,24.206528061907647],[-77.85180699281122,24.21430695538756],[-77.84986100456254,24.22069302830139],[-77.84430701069402,24.223749066323276],[-77.8554150064979,24.229859040274583],[-77.86541801426279,24.233472088365332],[-77.87124599609982,24.23236197583662],[-77.87208497663754,24.23874985533088],[-77.85874902026195,24.244029125439802],[-77.85263901645777,24.242361101909644],[-77.84319201207565,24.247917074751026],[-77.83652601645431,24.242361101909644],[-77.83513499031307,24.23763793998154],[-77.82680500320684,24.23597201987433],[-77.81874802060919,24.23652812772996],[-77.8023610102271,24.254584063308318],[-77.80847201976997,24.25902812232892],[-77.82152701390756,24.263750086007832],[-77.83374697800116,24.262083863958264],[-77.84069898084991,24.263471881598324],[-77.84597002175923,24.259862134563296],[-77.85986401191603,24.26291607366084],[-77.86708001780893,24.25819411011869],[-77.87374800772967,24.268195047753768],[-77.8815319808845,24.270969881943916]]],[[[-77.84347501807719,24.28013711161799],[-77.84735802261648,24.274861139696707],[-77.84041600209412,24.272917012938457],[-77.83763797899306,24.2770828702518],[-77.84347501807719,24.28013711161799]]],[[[-77.95652700626913,24.2818060386482],[-77.96236399956078,24.27902699729267],[-77.9659739890905,24.281526932752833],[-77.97791200326442,24.28041802012122],[-77.9940250126844,24.27041707822938],[-78.00624797793671,24.26958186394174],[-78.0140319856856,24.265693911708755],[-78.02097401784411,24.25819411011869],[-78.02097400592987,24.252639036610596],[-78.02680201569882,24.241807096997608],[-78.032637977106,24.246804858613103],[-78.03291401700078,24.25764010490304],[-78.04041300774618,24.268195047753768],[-78.04597399058966,24.26791594199093],[-78.04763701503033,24.256806092732987],[-78.04624900593181,24.252639036610596],[-78.03347001380341,24.240973085284537],[-78.03319399239547,24.230693952977422],[-78.02625199424195,24.231527964395045],[-78.01708300998081,24.22319506176624],[-78.0090270038449,24.220139023802428],[-78.00013801833128,24.21097211357595],[-77.9926369968264,24.208193980331874],[-77.98569501124604,24.19847306975879],[-77.97930901596698,24.201249099028768],[-77.97875301067033,24.207082066148576],[-77.97180100520445,24.212638032253196],[-77.96791801588131,24.20958409844752],[-77.95124798125639,24.208471883775264],[-77.94402999280261,24.21430695538756],[-77.93680498963488,24.21291593573879],[-77.93569099007112,24.22125093848261],[-77.94457900563611,24.220973034917655],[-77.9520799924033,24.230693952977422],[-77.9520799987152,24.23374999204967],[-77.93763698266991,24.24152889279958],[-77.93624897986594,24.248192875517933],[-77.93263900745822,24.25319604609636],[-77.92375301024299,24.254584063308318],[-77.92236202263268,24.260416139821672],[-77.92791700484024,24.266807029885687],[-77.93402900038257,24.264862002362573],[-77.94708198450276,24.272360904381397],[-77.96402699637598,24.263193977628248],[-77.96653001981018,24.25902812232892],[-77.9615249946895,24.25486196719536],[-77.97374797712325,24.246804858613103],[-77.98097298654886,24.243747916855227],[-77.98847098500403,24.234861907250007],[-78.0009699805193,24.232639879510323],[-78.00597498764054,24.236249923582594],[-78.0109710032144,24.23597201987433],[-78.01930299752004,24.241247984675773],[-78.01819598654257,24.243747916855227],[-78.00763597984745,24.248192875517933],[-78.00486001784046,24.25819411011869],[-77.99597200908157,24.26152805604756],[-77.98263600425337,24.259306026258795],[-77.9801410159414,24.26458409837902],[-77.97125200299111,24.273471018448454],[-77.95652700626913,24.2818060386482]]],[[[-77.86707999062824,24.289027942192707],[-77.87652698402785,24.27930490141608],[-77.87403097898313,24.2770828702518],[-77.86430401808202,24.28013711161799],[-77.86707999062824,24.289027942192707]]],[[[-77.82208299247807,24.296528953603918],[-77.83541800309642,24.28736201911057],[-77.81819199583302,24.29124997428553],[-77.82208299247807,24.296528953603918]]],[[[-77.7479169801112,24.298194877221736],[-77.75430402037541,24.294585125808766],[-77.76819698341399,24.292915897594696],[-77.7831960019187,24.287082011850025],[-77.78763599276006,24.289861955299738],[-77.80486397823317,24.283749865572975],[-77.80847200798327,24.275693049332663],[-77.81958000708539,24.275139043779706],[-77.82125100005254,24.272083000325328],[-77.80791600483283,24.266807029885687],[-77.7965240061409,24.26763803797786],[-77.78624802054776,24.27402712702704],[-77.78208199956183,24.27902699729267],[-77.77347597661179,24.283192855494764],[-77.76819698969967,24.288473936381475],[-77.7640309885232,24.28819392911004],[-77.74930498722264,24.294306921099633],[-77.7479169801112,24.298194877221736]]],[[[-77.79125301704626,24.30680510510063],[-77.80180300944728,24.30374905825522],[-77.79319699875063,24.29930499229263],[-77.79125301704626,24.30680510510063]]],[[[-77.89097601418433,24.312084087307305],[-77.90041400799522,24.30985904921456],[-77.90680699933121,24.306248995883184],[-77.9098589956033,24.297916972914432],[-77.89819400310593,24.30097301913281],[-77.88930600408851,24.301527025187088],[-77.89097601418433,24.312084087307305]]],[[[-77.92541398384229,24.325970900700906],[-77.92986298384132,24.325970900700906],[-77.9415280064198,24.322082039458383],[-77.93763702299002,24.315694141381734],[-77.92957997865653,24.317361868748154],[-77.92069197865808,24.310971868676326],[-77.91291797640038,24.316527854834],[-77.91625202423344,24.322638148986748],[-77.92541398384229,24.325970900700906]]],[[[-77.7140269965157,24.330694978536943],[-77.72819602070867,24.32736312757695],[-77.73625299187302,24.329026949945813],[-77.74124901946884,24.327083119921777],[-77.74097502260373,24.321807139290364],[-77.75680602293673,24.315694141381734],[-77.75013699866254,24.312361991753246],[-77.73986099297619,24.316803956699836],[-77.72458598200784,24.318749889077615],[-77.72347397947462,24.324028873511597],[-77.7140269965157,24.330694978536943]]],[[[-77.89402801777864,24.332639109247527],[-77.90125298206726,24.331526889807428],[-77.90902698278376,24.32541689416854],[-77.90791299089288,24.322359944002525],[-77.90013897969979,24.317915875122573],[-77.89208201843972,24.32652911336758],[-77.89402801777864,24.332639109247527]]],[[[-77.84513797789222,24.35430486430078],[-77.85430999501258,24.34874796937722],[-77.86347200767953,24.347085047154152],[-77.88291999743302,24.349581984245695],[-77.88791601301774,24.343194079931255],[-77.88652798207072,24.331526889807428],[-77.88153198847004,24.327638929111252],[-77.87735899522572,24.31763797062212],[-77.86652998967824,24.31541593646582],[-77.84625301612192,24.325695099182887],[-77.83569399018538,24.334582939654833],[-77.83541800342688,24.345694021052328],[-77.83041300767623,24.347085047154152],[-77.8295809873645,24.351804922411564],[-77.83902799928843,24.35013899563061],[-77.84513797789222,24.35430486430078]]],[[[-77.80069798566613,24.368749912068914],[-77.80625200054997,24.36236200337565],[-77.81569697702955,24.359860859014848],[-77.81930397674572,24.35375085720982],[-77.81957998792835,24.345971925829566],[-77.80735697674926,24.35375085720982],[-77.79931001414297,24.36152708681275],[-77.80069798566613,24.368749912068914]]],[[[-77.7673650128608,24.405695078695658],[-77.77708298678455,24.397083919089177],[-77.77375099078003,24.387636943506433],[-77.76680699800491,24.389861987776655],[-77.76680699959456,24.39597199751741],[-77.76264302159596,24.403195132180237],[-77.7673650128608,24.405695078695658]]],[[[-77.8270809854494,24.412914911085426],[-77.83013899002411,24.40902693902382],[-77.8359759900234,24.40902693902382],[-77.84208701112834,24.394306068091478],[-77.83013899299605,24.39374995713685],[-77.82653197924743,24.40013787305551],[-77.82069499740707,24.40069398413877],[-77.81680201558099,24.406529095273793],[-77.81930398135944,24.411526886068756],[-77.8270809854494,24.412914911085426]]],[[[-77.79624898985263,24.424583938026018],[-77.81207997728308,24.420693861243127],[-77.81124798445013,24.417639904995738],[-77.79541700406067,24.418750024812223],[-77.79624898985263,24.424583938026018]]],[[[-77.71319497580913,24.42541585210848],[-77.72291497730903,24.420693861243127],[-77.73652602367339,24.4093051448729],[-77.74124899075494,24.398471943378276],[-77.74708499036122,24.392915940944924],[-77.75347200454478,24.39208402784482],[-77.77041700570247,24.386808034945386],[-77.77180497785565,24.383192864262046],[-77.78624798567144,24.38013891216555],[-77.78930598904236,24.375693932808385],[-77.77625401816381,24.374307111411987],[-77.76152801538332,24.379029094339845],[-77.75763798395126,24.37402590153587],[-77.7704170026856,24.374585016473947],[-77.7776419868738,24.369303919457547],[-77.77569500671885,24.364584041244434],[-77.78514000671964,24.364584041244434],[-77.78236401623386,24.356251099710615],[-77.78569899584306,24.354860974466604],[-77.79180898506367,24.362639908318457],[-77.79708100232534,24.363193014272323],[-77.79763900773365,24.35319504750376],[-77.81402601300537,24.343194079931255],[-77.81708497812903,24.3362488655126],[-77.80847199758986,24.331248985172994],[-77.79680698813677,24.33986192705374],[-77.79069397994338,24.33680587663294],[-77.80347400968722,24.329583059611018],[-77.80708401275417,24.324307078512255],[-77.8031929896867,24.31541593646582],[-77.78875000192086,24.313750011837573],[-77.78847497768308,24.310417862437742],[-77.77513900254087,24.3076370156683],[-77.75680599853385,24.319025990965145],[-77.75319601274526,24.324307078512255],[-77.73569401540847,24.331805094882053],[-77.72819599759245,24.331248985172994],[-77.70569599363944,24.335970960831542],[-77.7159729881491,24.33986192705374],[-77.7181929975109,24.34347198468375],[-77.74541502320848,24.352917142654867],[-77.72597601961984,24.351529120640095],[-77.71624601007457,24.347919061973112],[-77.71458501537896,24.34402809463454],[-77.70541402147639,24.34014013221079],[-77.70236199129161,24.335136946367356],[-77.682641013274,24.337084081759766],[-77.68152601909954,24.33930611762296],[-77.68624898026418,24.349028878561068],[-77.6895829856866,24.368749912068914],[-77.69569298650757,24.374859917159622],[-77.69652499208827,24.382360951453993],[-77.7031939854341,24.396803910734544],[-77.70458202232504,24.408751136683797],[-77.71319497580913,24.42541585210848]]],[[[-77.78291299836809,24.442636990046466],[-77.80208602059614,24.43930512563072],[-77.81124798968132,24.439860937069422],[-77.8223649864883,24.43375091756742],[-77.82236498562969,24.42847191229186],[-77.81319402363063,24.430138144226532],[-77.80791599077406,24.435138943709827],[-77.79902699220413,24.43569295243222],[-77.79680699910064,24.432638994511592],[-77.78930598079717,24.432082882781383],[-77.78180600802489,24.4404170489581],[-77.78291299836809,24.442636990046466]]],[[[-77.75847000173478,24.604369010445865],[-77.77075199957382,24.60333699743426],[-77.78511697991335,24.595001878997646],[-77.81672701520363,24.586959091611064],[-77.84258398075393,24.585520884056653],[-77.86125900529223,24.582073031883663],[-77.88798599189022,24.580925951155134],[-77.92102899188687,24.580925951155134],[-77.94804402172089,24.572448130816948],[-77.96872702007501,24.569574120901173],[-77.99372901613032,24.567851097126912],[-78.04803400932278,24.557649056144363],[-78.06470599654659,24.551039979196325],[-78.0845249878821,24.54471992698089],[-78.09975400149571,24.537534009016575],[-78.11182497918004,24.528626874422546],[-78.12097100264765,24.518676015981086],[-78.12347301955816,24.496249118261616],[-78.12680801862395,24.4868051126947],[-78.12735701132725,24.480138068578473],[-78.13069099575564,24.475693974295545],[-78.14902500317234,24.463473019227607],[-78.16652599086208,24.445139944547794],[-78.17485898642708,24.43375091756742],[-78.17903202087889,24.42402812689794],[-78.18152498127262,24.411526886068756],[-78.17874898989847,24.403747938504694],[-78.16652598901993,24.392361933084956],[-78.15652502318655,24.387361141380065],[-78.13903100269836,24.374585016473947],[-78.12791498813668,24.369583927534528],[-78.11985898681611,24.369303919457547],[-78.113196992798,24.377081956025688],[-78.10874998678587,24.36347091922341],[-78.10346902229406,24.364306136282256],[-78.10041801137652,24.354583069601162],[-78.09513899143529,24.347359947569046],[-78.08264299542205,24.33652797194639],[-78.07736197938112,24.324028873511597],[-78.0698610030903,24.320694018965327],[-78.0676409919121,24.3162499503472],[-78.06263600830114,24.28958405107369],[-78.0568090165538,24.286250101882946],[-78.05652601512932,24.278749093171964],[-78.0487520226749,24.274861139696707],[-78.0470809942047,24.269306964280435],[-78.03680500977414,24.269029060253924],[-78.03263800504703,24.27430503110196],[-78.02069098948256,24.274582935179566],[-78.01403199450712,24.276804966149957],[-78.01097100627355,24.2818060386482],[-78.01902698754489,24.28763992331498],[-78.02652798848453,24.28819392911004],[-78.03291399559632,24.297916972914432],[-78.03763702184486,24.30208313431211],[-78.02014202254664,24.30902713858175],[-78.0131909931685,24.310139958010872],[-78.00514298930455,24.321528934314337],[-77.9887470104843,24.323473064393212],[-77.9784700097091,24.329583059611018],[-77.97347198197318,24.343749889438964],[-77.96263902266035,24.340694139032816],[-77.96402699417472,24.329860964229024],[-77.95486502183965,24.327917134147523],[-77.95236299423503,24.323747964577425],[-77.94457898931287,24.321528934314337],[-77.93430301951722,24.327083119921777],[-77.91902998439927,24.332360904164645],[-77.89875101301952,24.343194079931255],[-77.89958199387232,24.348193962396184],[-77.88680301625573,24.356251099710615],[-77.89013797571917,24.365139851177094],[-77.88319302291377,24.37041614039798],[-77.87625101370342,24.37291608395432],[-77.86680601400887,24.3843050857584],[-77.86624999299279,24.39374995713685],[-77.8718039801538,24.394861878619178],[-77.87319200140841,24.402082008609455],[-77.88346899740493,24.40069398413877],[-77.88652801017052,24.404861062142764],[-77.89347001017147,24.404861062142764],[-77.90013900009247,24.401528000565598],[-77.90541898728804,24.408192922370027],[-77.89986499548111,24.41069497240726],[-77.88680297999586,24.410972877834894],[-77.88735898858276,24.41902793032133],[-77.88292001799422,24.423194109788565],[-77.88180498408697,24.41236090282363],[-77.87902898052468,24.405970881005075],[-77.87264298729353,24.408192922370027],[-77.87291699957129,24.412082997381948],[-77.86430400642529,24.414305039240585],[-77.8604199772689,24.420693861243127],[-77.86096897857666,24.426249869285527],[-77.85514198139616,24.427083886487967],[-77.8554150110098,24.420972067210357],[-77.83235897817077,24.43625086686743],[-77.82569100127125,24.443471007749363],[-77.80680798581459,24.443748913509786],[-77.79097000563901,24.444859034386436],[-77.78458401806192,24.44847211011604],[-77.7768029842338,24.44819390386869],[-77.77068998351085,24.45291589949172],[-77.76486299895619,24.452637993637662],[-77.75069300167318,24.463193010193244],[-77.74569699226217,24.465138952866464],[-77.74013398964537,24.459582936893366],[-77.73347398813591,24.459028927684525],[-77.73124799528239,24.465972971260516],[-77.71874898808264,24.47819392745908],[-77.7198630015004,24.48652900912703],[-77.71541699558021,24.48958297312091],[-77.7181929755759,24.497639851562873],[-77.71763702454469,24.515417148955805],[-77.72652501751004,24.530972106117048],[-77.73513801015189,24.5248590615481],[-77.74153101339157,24.54263908106486],[-77.74847301135487,24.55041806868592],[-77.74847301249014,24.55902807550008],[-77.74624702306966,24.565695139377794],[-77.75069300675266,24.585696040727626],[-77.74903198030817,24.591250881284658],[-77.7579180182678,24.5962511100738],[-77.75847000173478,24.604369010445865]]]]},"properties":{"source":"https://simplemaps.com","id":"BSCS","name":"Central Andros"},"id":7},
{"type":"Feature","geometry":{"type":"Polygon","coordinates":[[[-76.13847397726575,24.992984864706283],[-76.12958499998967,25.01013999993896],[-76.12680899998257,25.02791699989666],[-76.1226429999401,25.03458299964477],[-76.12763900011389,25.03680600067551],[-76.12930300033346,25.049863001975798],[-76.12819700024517,25.059030001451287],[-76.12235999990247,25.059304999423283],[-76.12347500006065,25.04402800035952],[-76.117920999997,25.046249999982344],[-76.11819400020075,25.05791700118907],[-76.11513499983886,25.07513799904796],[-76.11485999934676,25.085970996142994],[-76.12124600073685,25.083471004352745],[-76.12875300001842,25.0887520001091],[-76.12930300015908,25.098472000939008],[-76.13291999941485,25.10430499655101],[-76.13319300003204,25.112917000189356],[-76.13069099958662,25.117361997566423],[-76.12513599968064,25.11486099811953],[-76.11763800018464,25.11597100108821],[-76.11569199931589,25.119303995972004],[-76.11819400043797,25.12652800257803],[-76.12236000019082,25.127641001123283],[-76.127358000049,25.13680700028879],[-76.13263699975059,25.14291499853463],[-76.13292000030279,25.151250001778],[-76.15096999940361,25.16458299650371],[-76.17013599871798,25.17041499248964],[-76.18125099925608,25.17847199564558],[-76.19902800015166,25.183751000887945],[-76.21680499859465,25.19569299178911],[-76.22763799959812,25.198473997653547],[-76.23457999888166,25.203471993472228],[-76.24180499852167,25.213750991379268],[-76.24494999993183,25.214304999602707],[-76.24842199950844,25.202083997131616],[-76.24458399907893,25.196251994620866],[-76.24708600070052,25.191529004093017],[-76.23930300014558,25.18958300085136],[-76.23764100015173,25.183751000887945],[-76.22458599985666,25.17486199916111],[-76.22096900136984,25.164029008024936],[-76.2159740015891,25.16374900931016],[-76.21125099889979,25.15847299355124],[-76.19763999946566,25.152359996865915],[-76.19208599922675,25.152639995464778],[-76.18791999926624,25.148471995694432],[-76.17763599970966,25.147915998296206],[-76.16958600065246,25.14180500383248],[-76.16958600025728,25.138471001512187],[-76.16263499975966,25.133472998587955],[-76.15875400051284,25.128194003016016],[-76.1515260001025,25.12347200060348],[-76.15791300037938,25.107917002235382],[-76.14791899952081,25.105694997176688],[-76.14708699962503,25.10041599779007],[-76.14097600002601,25.09430600015397],[-76.14152599970454,25.065971998253197],[-76.14069400001613,25.0456940000958],[-76.14291399993049,25.017637999587414],[-76.14569199998577,25.005138999915854],[-76.15208501727827,24.996317102777997],[-76.13847397726575,24.992984864706283]]]},"properties":{"source":"https://simplemaps.com","id":"BSCE","name":"Central Eleuthera"},"id":8},
{"type":"Feature","geometry":{"type":"Polygon","coordinates":[[[-78.69007798844336,26.490417941107136],[-78.6662519890288,26.49763794410448],[-78.65930301207929,26.497084061549423],[-78.64958201452488,26.502082073991335],[-78.64069399954398,26.509582997678727],[-78.63180500265221,26.514584013500617],[-78.62569498647662,26.514861931158183],[-78.61930798574537,26.52041592746065],[-78.60347100869718,26.52708204424539],[-78.59069801068067,26.535508054309282],[-78.61205401021583,26.542795051902605],[-78.62571100047543,26.544160002415367],[-78.63753500672246,26.540520034149512],[-78.65619600843729,26.531873042878665],[-78.66984600112366,26.52459400571318],[-78.67940500897113,26.516402045632272],[-78.68668401019586,26.50639205189753],[-78.69007798844336,26.490417941107136]]]},"properties":{"source":"https://simplemaps.com","id":"BSFP","name":"City of Freeport"},"id":9},
{"type":"Feature","geometry":{"type":"MultiPolygon","coordinates":[[[[-74.25235699346078,22.4954169522559],[-74.25569099352334,22.49208195270631],[-74.2470850020584,22.482084015041515],[-74.24402700903376,22.48847206599132],[-74.25235699346078,22.4954169522559]]],[[[-74.28791801743641,22.525695127037473],[-74.29597498289603,22.524026875387108],[-74.29513600957938,22.51763806981788],[-74.2904139925723,22.51513794585467],[-74.28569800957825,22.51763806981788],[-74.28791801743641,22.525695127037473]]],[[[-74.19430498453262,22.660416888013913],[-74.20124701737836,22.659027125820895],[-74.1970830180991,22.651806131100486],[-74.18819501250378,22.65319409057473],[-74.19430498453262,22.660416888013913]]],[[[-74.28597201247166,22.667359090150676],[-74.29096999071214,22.662360932849968],[-74.29430401812274,22.651806131100486],[-74.29902700912639,22.643472066047735],[-74.30569499839216,22.63569498836037],[-74.31041800711928,22.626529051563974],[-74.31958001477835,22.617640107077875],[-74.32930698459016,22.61124888832231],[-74.34263599332621,22.605694951627726],[-74.35597299887367,22.597359991834384],[-74.36235701622373,22.58958111766745],[-74.37264298450192,22.580414887554817],[-74.37958498415756,22.567083884981287],[-74.37875298126147,22.56097086390761],[-74.38180500550159,22.55513903996789],[-74.38153098581046,22.54319389684832],[-74.37374798278589,22.540695874830316],[-74.3656909861206,22.5465288991003],[-74.36208399302049,22.558194949290733],[-74.35263899619095,22.574306972347244],[-74.34291798706896,22.579860906139317],[-74.33208599289624,22.59208394846488],[-74.32402899553335,22.594861967598337],[-74.32069399062127,22.60291693199118],[-74.31680400246987,22.606805017907813],[-74.31375200030078,22.61430600218084],[-74.30542001188803,22.621806086131887],[-74.30069701603234,22.63125111610354],[-74.29707999864911,22.63208299021791],[-74.29152599160231,22.64791593923635],[-74.28152498760525,22.66319491037977],[-74.28597201247166,22.667359090150676]]],[[[-74.31930599803397,22.83791798593658],[-74.32347000858489,22.8348620614199],[-74.34735801413751,22.833194101122608],[-74.34652598460028,22.82569488979876],[-74.34041598743742,22.809027910005472],[-74.34069801129237,22.80236208092814],[-74.32958300315136,22.781250022616685],[-74.31903100359473,22.769583025820125],[-74.30458099824808,22.763472987410246],[-74.290969983993,22.744582884818353],[-74.28486002069634,22.73097214905672],[-74.28430098286151,22.715138876453697],[-74.28930601779639,22.691249128458473],[-74.2854160106053,22.68597307657869],[-74.27902998715712,22.688472907270743],[-74.27124900204639,22.688195014777584],[-74.26208401075138,22.696806077609292],[-74.25846999169285,22.70541594006155],[-74.24736100998452,22.707916072042163],[-74.24124802017118,22.697916145638036],[-74.23291801602758,22.706248115678363],[-74.22319799376055,22.70124995494852],[-74.22235899437733,22.693748959384003],[-74.22985999350296,22.69041695306379],[-74.22402901672315,22.684305120865265],[-74.22041199878144,22.685416991193993],[-74.21958101167952,22.692917084376777],[-74.20903000620791,22.694305044850733],[-74.20402599878174,22.685416991193993],[-74.19708301671707,22.684305120865265],[-74.18291401121965,22.685693081127674],[-74.1748570084054,22.67930606080758],[-74.1734689876233,22.66319491037977],[-74.16819798762411,22.66319491037977],[-74.15985799449582,22.668470960148603],[-74.14986401308498,22.670974094738025],[-74.14736199894207,22.674583992341873],[-74.13764098238745,22.678747872518343],[-74.12930398790323,22.677359912425686],[-74.12097199878313,22.685416991193993],[-74.11319702017697,22.690695145992205],[-74.11013899024067,22.68763892937104],[-74.11402901146904,22.67847208304268],[-74.10375298164803,22.675415867080083],[-74.10375299383772,22.661526955332274],[-74.08013900868062,22.664861062930555],[-74.0748600051005,22.672916036962594],[-74.06014099878415,22.685416991193993],[-74.04985799572871,22.686250969060925],[-74.04680597954662,22.694026851904503],[-74.03652998386843,22.707640883272674],[-74.0320809814689,22.70819486590611],[-74.02486501800018,22.71319513022809],[-74.01846997948196,22.7123608515366],[-74.01013898100592,22.719304862603778],[-74.02652598568413,22.72180589648151],[-74.03097499217581,22.723749943433102],[-74.03930600702222,22.72347205076468],[-74.05319199687149,22.729859977397048],[-74.06346898558806,22.732915895906412],[-74.07180799229239,22.742360944367004],[-74.08680699524153,22.741526965659517],[-74.10236501376045,22.744027099272433],[-74.10458501889758,22.735138136399712],[-74.11013898735882,22.728749908731533],[-74.11291499747344,22.733471981764303],[-74.1104190111974,22.737363080804055],[-74.12791400883431,22.737917063734848],[-74.13097499686826,22.729859977397048],[-74.1401370052014,22.727638037541215],[-74.15458700587774,22.7387510423874],[-74.15235998036422,22.74180485841907],[-74.15597399257801,22.749861946512713],[-74.17430798728707,22.7512499084134],[-74.18097001215928,22.748193087607504],[-74.18875100216653,22.750972015605782],[-74.19875399153139,22.761528939047466],[-74.19819498870224,22.76986091872326],[-74.2051400135342,22.778474097308745],[-74.21680500710053,22.79569505099192],[-74.22152698885127,22.800692919965883],[-74.23375001725488,22.80847212379184],[-74.2426390074585,22.807362053507088],[-74.25624698904797,22.816528921489073],[-74.26180200843966,22.8148600605028],[-74.270416991856,22.81569494162684],[-74.27958600031286,22.82125100224191],[-74.2912530099875,22.826530071520814],[-74.29763898707134,22.83291590746153],[-74.30513701624548,22.836526116243988],[-74.31930599803397,22.83791798593658]]],[[[-73.64736298098923,23.089860864883764],[-73.65013899341193,23.08541695316502],[-73.64541598609041,23.08291590109412],[-73.63625399123006,23.0862509376459],[-73.64736298098923,23.089860864883764]]],[[[-73.7143029851119,23.103749894375085],[-73.71597399521268,23.100139966029495],[-73.72708198253211,23.09958387606117],[-73.73291702018291,23.09625214322309],[-73.7612529973622,23.09930598129296],[-73.76569299337423,23.10069395301715],[-73.79958398990854,23.096804928456056],[-73.81153099206928,23.09597094378111],[-73.81986100846474,23.09013906002071],[-73.8079139912097,23.0862509376459],[-73.8006980049681,23.08125003525648],[-73.79513499452489,23.079859961140627],[-73.77819900177859,23.067361012637413],[-73.77319398917324,23.06680492306956],[-73.76458101527842,23.072640108536095],[-73.75736298151288,23.074583868674832],[-73.75208201305942,23.073474092783343],[-73.74764199141075,23.065970938943668],[-73.74430799826281,23.068751987653027],[-73.73541897932286,23.070417853035003],[-73.72680601117874,23.074028079445892],[-73.7115250015053,23.082641010694704],[-73.68152702086616,23.085695148274752],[-73.66680798203657,23.08430387231648],[-73.66374998937174,23.0868049244637],[-73.67236199824968,23.093748987567913],[-73.68486099792847,23.094028985289135],[-73.69069601617726,23.097640114853476],[-73.70347499859876,23.098748990054613],[-73.7143029851119,23.103749894375085]]]]},"properties":{"source":"https://simplemaps.com","id":"BSCK","name":"Crooked Island"},"id":10},
{"type":"Feature","geometry":{"type":"MultiPolygon","coordinates":[[[[-77.82319700233656,26.55541701198017],[-77.83180300001736,26.550416000089495],[-77.83264200370263,26.542640019000313],[-77.8273610060217,26.540418030907944],[-77.82624900341465,26.535417017534016],[-77.81986300055569,26.535973002853858],[-77.81652798920827,26.547915944633484],[-77.82319700233656,26.55541701198017]]],[[[-77.82430301457174,26.594583074485897],[-77.82902501098935,26.582082056224472],[-77.82847599688442,26.576805984053657],[-77.82569099881836,26.57125199394943],[-77.83902801271033,26.574862065056823],[-77.8340300109901,26.582082056224472],[-77.83708201267834,26.587083064834278],[-77.84208699221702,26.573193960160495],[-77.84291898986946,26.56652694811754],[-77.83763799741176,26.55986098673711],[-77.84236199652193,26.556528982173557],[-77.84541399157396,26.560972956830224],[-77.84569500211931,26.5723620108488],[-77.85291300226996,26.563473011627174],[-77.85763499760851,26.552637987741598],[-77.85680298868671,26.546249941980214],[-77.84458200281875,26.53375101447286],[-77.84097199827357,26.538194991139054],[-77.8406989990044,26.547083994893388],[-77.83569401370782,26.55236007028663],[-77.8312540047737,26.561251024462383],[-77.82569100013436,26.567361000688514],[-77.82458499811482,26.57208199034772],[-77.8270810127083,26.574862065056823],[-77.8268050121509,26.583751062161117],[-77.82430301457174,26.594583074485897]]],[[[-77.82791999027145,26.625415950391275],[-77.84680198928554,26.613750945327915],[-77.84874601156206,26.610695059010244],[-77.8640279942552,26.60763797067947],[-77.88514000734573,26.606250037485946],[-77.88874701452224,26.608473074092373],[-77.89485999717992,26.60541598561009],[-77.88735899546006,26.596249976815848],[-77.88680300994103,26.589305050794767],[-77.87875301336553,26.578194068358247],[-77.86985799811373,26.57208199034772],[-77.87152901059041,26.56902805420814],[-77.86569200726083,26.559029037196783],[-77.85708598906776,26.563194944007684],[-77.84680201008288,26.577084051594536],[-77.84596999624377,26.585694980791917],[-77.84069899649715,26.587360982088857],[-77.82624899239806,26.61486096120355],[-77.8423620085861,26.612917043817465],[-77.82791999027145,26.625415950391275]]],[[[-77.84319198787065,26.631805938190716],[-77.85319501340093,26.631526068282234],[-77.8820810126995,26.6181950647502],[-77.89152600563483,26.616805028729758],[-77.89958200349412,26.620696017808132],[-77.90402899239055,26.61486096120355],[-77.8987510014148,26.609861007217106],[-77.89013800141467,26.609861007217106],[-77.88263699425391,26.60763797067947],[-77.87374799836776,26.610416991672448],[-77.86485999836792,26.610416991672448],[-77.85347100241518,26.6123630123243],[-77.83958401360681,26.621530069396858],[-77.83652600037055,26.626250001889762],[-77.84319198787065,26.631805938190716]]],[[[-77.8420869975709,26.64763698763678],[-77.85902301416372,26.634028072149732],[-77.84541400398972,26.634860020326215],[-77.84708499133356,26.639582955865635],[-77.84097199199923,26.642084959260004],[-77.8420869975709,26.64763698763678]]],[[[-78.18013699501593,26.7201389748815],[-78.17791700060242,26.712916003038213],[-78.17291898676389,26.715972933264506],[-78.18013699501593,26.7201389748815]]],[[[-78.29403000795948,26.75069503996394],[-78.30430700171601,26.749305008616073],[-78.29875300851569,26.73513804280439],[-78.29930899715866,26.729858985712674],[-78.28958099806586,26.72208499026752],[-78.28013700227349,26.7198630114439],[-78.27735799985024,26.71458199924624],[-78.27014299310812,26.71569396529455],[-78.26764000484896,26.720973024409417],[-78.26319099079959,26.722360953688632],[-78.270143014857,26.736528074698967],[-78.28208100397983,26.74430401999552],[-78.29263998714701,26.74625093544414],[-78.29403000795948,26.75069503996394]]],[[[-78.1937479854927,26.70986192684075],[-78.19847100804685,26.710138040576947],[-78.20263701389297,26.701249070099713],[-78.21291298768769,26.702361937889805],[-78.22208499798192,26.699860989819555],[-78.23097299623313,26.706527981008467],[-78.23680800876316,26.708472044172797],[-78.24013500709914,26.71430603576765],[-78.24458198548325,26.70986192684075],[-78.25263899409694,26.711525970257473],[-78.2520830065835,26.72374903314102],[-78.2590250121472,26.726805061128598],[-78.25819300257236,26.717361012954782],[-78.26097099648064,26.715137982274506],[-78.26846999660116,26.716806982885448],[-78.27347499798165,26.71180598983399],[-78.28125100252682,26.695973012742268],[-78.28514201302663,26.69263906570243],[-78.28819300154964,26.684028007821382],[-78.2940299939554,26.688471969507354],[-78.29403000192234,26.69763900969099],[-78.30347498597132,26.696250929280623],[-78.3048630099526,26.689860050195705],[-78.31874701029571,26.69152905191039],[-78.31902998596854,26.696250929280623],[-78.3293070085557,26.69652704311513],[-78.33486101058647,26.70180505332339],[-78.33930298596496,26.696250929280623],[-78.33791300034459,26.690695001737517],[-78.35013599670401,26.689581983386457],[-78.35597301270603,26.69097006403533],[-78.37097198708739,26.690416934934213],[-78.37791400643003,26.693751032389972],[-78.38486500066983,26.700971003372306],[-78.39069299198636,26.69680495964953],[-78.40736500025174,26.70430600126671],[-78.41374900060416,26.712916003038213],[-78.41569500485811,26.720973024409417],[-78.42236399418108,26.72180497076788],[-78.41986100711549,26.71430603576765],[-78.42097600806977,26.710138040576947],[-78.42680400025182,26.70430600126671],[-78.43707999690716,26.704861984445937],[-78.44125300397462,26.7123600199771],[-78.444863011238,26.71208405648221],[-78.45569599997646,26.7162509998819],[-78.45660299774178,26.70259598864391],[-78.45370400546526,26.68704302751786],[-78.4447470085641,26.658575043219027],[-78.43841600062453,26.646714003155306],[-78.40994899031651,26.608490950923684],[-78.40125201187841,26.601002060242497],[-78.39291299703582,26.603749984968907],[-78.38263598665644,26.60124993231353],[-78.37347401018282,26.602362051655643],[-78.36930800021547,26.604860001092757],[-78.35236499737896,26.608747986707364],[-78.31346898927282,26.615416945596365],[-78.29680600566411,26.616805028729758],[-78.2837539995304,26.621248997618654],[-78.26403001368107,26.621530069396858],[-78.25263900258103,26.617361013098105],[-78.24541399240084,26.616526961430232],[-78.2306979995307,26.621248997618654],[-78.21930600350846,26.620696017808132],[-78.21597199022295,26.625415950391275],[-78.18985800106289,26.632084005392663],[-78.14458499825591,26.6409729911531],[-78.13292000108544,26.64374900550638],[-78.12152899478377,26.64486097354011],[-78.10958201447762,26.642361073465235],[-78.08680700762777,26.64847103870018],[-78.06430900807781,26.651806040984386],[-78.04291500829996,26.650140042128957],[-78.03874900783737,26.653472039773],[-78.0240260144378,26.656528073264706],[-77.99819199486268,26.657361973924054],[-77.98041401442974,26.656528073264706],[-77.97374800829266,26.650140042128957],[-77.95625299145891,26.647082956589806],[-77.9479139953001,26.648195976112497],[-77.93791999810684,26.64263899037288],[-77.93291501095973,26.646249055724105],[-77.92458499146237,26.647082956589806],[-77.89319601155246,26.660419058704093],[-77.89486001441391,26.656528073264706],[-77.90235800465511,26.654028023664008],[-77.91819800484875,26.64569502465876],[-77.92874899479669,26.64486097354011],[-77.92708499527177,26.639862975946663],[-77.91708400399347,26.634860020326215],[-77.89958199079611,26.634581953142284],[-77.8979189878621,26.631805938190716],[-77.91596900719635,26.63263803663571],[-77.92402599469334,26.63569497299411],[-77.92597300408679,26.633194020801646],[-77.90736300259587,26.61902701323036],[-77.90402900041438,26.622918002111746],[-77.89653098721546,26.622639934850923],[-77.88903000738233,26.627640037609808],[-77.8720850042315,26.6298620215585],[-77.85791798846226,26.636806941239296],[-77.85041899480183,26.64486097354011],[-77.8623569948716,26.651527973912245],[-77.85930600122393,26.656250006224308],[-77.86597401342563,26.67069506819338],[-77.8748629862763,26.67347093031671],[-77.88041699341105,26.673194966545662],[-77.88874700898923,26.676249045626264],[-77.89597200479912,26.683472024343388],[-77.89680401406359,26.689307071304018],[-77.90235799433482,26.690140971281416],[-77.90541899670377,26.703192983308053],[-77.90597499799114,26.71180598983399],[-77.90430500505234,26.735694025523607],[-77.90013900313026,26.73902601581066],[-77.90541901174768,26.743195059312413],[-77.90347300223718,26.754583011286194],[-77.90847100682842,26.75236103445071],[-77.91291800343801,26.764306017329247],[-77.91625200326018,26.768748016426013],[-77.9065250112006,26.772917056422095],[-77.90985898609424,26.775972929970948],[-77.92013600765402,26.773473038548456],[-77.91625199516548,26.767083975638972],[-77.92124999234044,26.75541796137196],[-77.92292099066461,26.7456949528874],[-77.93013700036296,26.746529001831803],[-77.94125401136826,26.737084057396938],[-77.94875301209915,26.726805061128598],[-77.95541399374922,26.732083968435106],[-77.96514199716017,26.73152798566093],[-77.9731989874511,26.722916936601074],[-78.00013800656228,26.72374903314102],[-78.009864996241,26.733193981033015],[-78.01625099894778,26.728195994689663],[-78.03152400872672,26.729030044035987],[-78.0395810128403,26.732916064767945],[-78.05124800600156,26.734028030265602],[-78.05708200872958,26.729030044035987],[-78.06375099124286,26.729304955830063],[-78.0681909874358,26.722916936601074],[-78.08291600821784,26.720417041467908],[-78.09097298573333,26.72624892804955],[-78.09569498743137,26.722916936601074],[-78.09458100256703,26.717361012954782],[-78.09819798813588,26.710971940102123],[-78.10902398704351,26.70402793456149],[-78.11374598808965,26.699026939826208],[-78.12486401055804,26.70180505332339],[-78.13402601380989,26.713194069678245],[-78.15458598598639,26.71763892933681],[-78.15763799716383,26.729858985712674],[-78.16319200057134,26.73097200287833],[-78.16152998824836,26.721250940764538],[-78.15708101306137,26.714860065873943],[-78.166526009697,26.71541604889811],[-78.17624699147716,26.71041595701236],[-78.18707899311553,26.71569396529455],[-78.18707901013737,26.705140051145076],[-78.19486301056752,26.70180505332339],[-78.197639012796,26.706250064544587],[-78.1937479854927,26.70986192684075]]],[[[-78.1733319933728,27.033332967373802],[-78.17722198536214,27.028332927913297],[-78.19222298860264,27.014165943823667],[-78.21111299937579,27.004998996922172],[-78.22069398714132,26.994582936550955],[-78.21402799919603,26.990694996031557],[-78.20764201219204,26.99097306018648],[-78.20347600243394,27.000140012008114],[-78.19166501235246,27.005277060925625],[-78.18250300497785,27.01472402453793],[-78.17416400542903,27.015834026762448],[-78.1733319933728,27.033332967373802]]]]},"properties":{"source":"https://simplemaps.com","id":"BSEG","name":"East Grand Bahama"},"id":11},
{"type":"Feature","geometry":{"type":"MultiPolygon","coordinates":[[[[-75.50958302005381,23.404028136168623],[-75.51235898393813,23.399583890909536],[-75.4979180032303,23.397084021948594],[-75.49124898043483,23.393192867020346],[-75.48319298318083,23.391804885661],[-75.48097300393205,23.388471026737935],[-75.4734720025282,23.389305017192815],[-75.46930599427421,23.38597296105331],[-75.46125099009659,23.388194932639486],[-75.46041999698299,23.392360979485467],[-75.46763497905049,23.39402685757488],[-75.47430398669573,23.397915909583052],[-75.49263700051415,23.39847200349367],[-75.50958302005381,23.404028136168623]]],[[[-76.00458598952689,23.44763992956009],[-76.02180500011231,23.440971000755727],[-76.01652600768493,23.436527051719573],[-76.00485900768375,23.436527051719573],[-76.00291498355982,23.442082889382213],[-76.00458598952689,23.44763992956009]]],[[[-75.96402597847616,23.454305855223666],[-75.97264198582751,23.449861904653186],[-75.97319799886048,23.441804992329892],[-75.95680198458847,23.45041589629988],[-75.96402597847616,23.454305855223666]]],[[[-75.77930501822644,23.457082122873317],[-75.79958500539898,23.4559720363905],[-75.80014099203284,23.446251946265107],[-75.79208399203368,23.446251946265107],[-75.79152800111878,23.449584007544885],[-75.77708500782977,23.454584052795365],[-75.77930501822644,23.457082122873317]]],[[[-75.94403202099814,23.46486114117551],[-75.94736401150736,23.45236207742996],[-75.93708002190148,23.454860147363647],[-75.93430400058135,23.459028003911218],[-75.94403202099814,23.46486114117551]]],[[[-75.87958500336016,23.46680702260807],[-75.88124800297598,23.457360020035736],[-75.87542101463349,23.459304098511435],[-75.87958500336016,23.46680702260807]]],[[[-75.91124600215595,23.467361014499183],[-75.91597100336186,23.46680702260807],[-75.93125301345154,23.460138090482356],[-75.92763601706267,23.45791611479597],[-75.9143070110411,23.461526074278147],[-75.91124600215595,23.467361014499183]]],[[[-75.89152499626336,23.47097097487119],[-75.90319899042818,23.465416935615064],[-75.89569102188946,23.454860147363647],[-75.88986100300161,23.457640020205755],[-75.88069198688015,23.46763891173609],[-75.89152499626336,23.47097097487119]]],[[[-75.87041598927674,23.47541492788805],[-75.88014300688575,23.47374904630509],[-75.87902800336019,23.46680702260807],[-75.87291798472387,23.459862897164307],[-75.86930799758737,23.46097298375956],[-75.87041598927674,23.47541492788805]]],[[[-75.84708398759086,23.47680591653332],[-75.85013601505393,23.468471101311646],[-75.84819898113219,23.46208487296337],[-75.83875398232159,23.461250880950136],[-75.83930298335642,23.469860887986144],[-75.84458197984226,23.472082864365344],[-75.84708398759086,23.47680591653332]]],[[[-75.85458501580749,23.477638106308653],[-75.86319801813028,23.47625012192814],[-75.86680497868286,23.4729168566146],[-75.86819599935973,23.459581995689934],[-75.85819297991426,23.462638864786204],[-75.85708700922575,23.47236106206607],[-75.85458501580749,23.477638106308653]]],[[[-75.69680702081334,23.484306140201298],[-75.69680700053719,23.477916003620354],[-75.70291999277745,23.473192951314953],[-75.69596801386315,23.469305093482077],[-75.6929160157737,23.477638106308653],[-75.69680702081334,23.484306140201298]]],[[[-75.82514298284721,23.499860884776847],[-75.82819500799556,23.492917053734068],[-75.83930301354013,23.479306091068306],[-75.84569599940474,23.47874999599714],[-75.84402499276396,23.473192951314953],[-75.83985897869042,23.4729168566146],[-75.83486100926933,23.462917062418246],[-75.82958301979318,23.465695133267282],[-75.8184740045282,23.4659730304921],[-75.81291997874379,23.463472856829593],[-75.80847101624697,23.467917109404464],[-75.8090289939596,23.472638959339324],[-75.81430801930374,23.475696129908133],[-75.80596799027016,23.48458193455462],[-75.81208100908114,23.492083061046262],[-75.81819099491028,23.49152696578803],[-75.82291400468168,23.495139031460308],[-75.82514298284721,23.499860884776847]]],[[[-75.78013699593538,23.545138972766566],[-75.77597001936232,23.538472129801224],[-75.76403000416447,23.527361027944323],[-75.76097099907182,23.520138993769145],[-75.75291499003767,23.515972933089632],[-75.74319402052974,23.515417137908884],[-75.73708401633407,23.50791810979014],[-75.72652500316688,23.506528021291892],[-75.72374601633116,23.50791810979014],[-75.75125101232831,23.52152908277133],[-75.77430701603899,23.541251107503914],[-75.78013699593538,23.545138972766566]]],[[[-76.03541598088056,23.680416873543166],[-76.0445870161451,23.673472106825372],[-76.04486102265345,23.665418149974084],[-76.03986201032191,23.66124906836034],[-76.03430100979973,23.662083064902422],[-76.02903000208687,23.672362013812364],[-76.03541598088056,23.680416873543166]]],[[[-76.02847401604234,23.69486010600525],[-76.03125001786228,23.692918118042943],[-76.02902997761751,23.684860851996195],[-76.02208699783785,23.677916985694626],[-76.02764201614144,23.673472106825372],[-76.02902999129115,23.666527942337716],[-76.03319599555111,23.660692970532843],[-76.0351400038633,23.651251025606204],[-76.0381919926193,23.646527951067323],[-76.04541698188976,23.641527879899904],[-76.03819201739863,23.63597411543817],[-76.03736200561592,23.631805037273143],[-76.04041401287866,23.624585085515314],[-76.02930500197262,23.619582013105],[-76.03236397900258,23.612917860446338],[-76.02319299825135,23.608192988373407],[-76.03486001750643,23.604305116419887],[-76.04264101526046,23.592082101561584],[-76.0440289929162,23.585137952834174],[-76.04069401171664,23.58208407803369],[-76.03708598116917,23.596250874705564],[-76.03180802059529,23.601249136996422],[-76.02569498927018,23.602638928629126],[-76.0081939923881,23.599582949346143],[-76.00291498117755,23.596250874705564],[-75.99708498043135,23.59708486973613],[-75.98625301373265,23.593750091450556],[-75.97819599919954,23.593193994668898],[-75.97569298714036,23.59041591433167],[-75.95319399214056,23.585971947610144],[-75.94541999929831,23.579582995320376],[-75.93791901377733,23.58013909189443],[-75.92986201716081,23.57708311449941],[-75.92291999348154,23.571526956487446],[-75.89958198930049,23.562359928510027],[-75.88986100265878,23.551527017781623],[-75.88346799215358,23.548194947509995],[-75.87680899273238,23.535971951336407],[-75.87180401192597,23.53263807988131],[-75.8590239956995,23.53374997119311],[-75.85097500927591,23.523751062187017],[-75.85125001533827,23.51902710286244],[-75.84069802055619,23.515417137908884],[-75.83208501533444,23.51902710286244],[-75.82624801853164,23.517085124335566],[-75.82847498153038,23.511249876034515],[-75.82653098999901,23.505137932844978],[-75.82208200792714,23.502915053241406],[-75.8220820046816,23.495139031460308],[-75.81791797855868,23.49263885588299],[-75.80791499273397,23.493194951157548],[-75.80457999032507,23.484861934924098],[-75.8081969982747,23.479583988392182],[-75.80374899396007,23.472638959339324],[-75.80347500452724,23.4659730304921],[-75.79680600335655,23.46680702260807],[-75.79513599400678,23.463194959622914],[-75.7823630146156,23.459304098511435],[-75.77124800177461,23.458194011964434],[-75.76597598474542,23.459862897164307],[-75.74514098292303,23.460693884853438],[-75.73930400057985,23.459028003911218],[-75.72652498475337,23.459862897164307],[-75.72041400299499,23.457640020205755],[-75.7204139797549,23.453471863379278],[-75.71180800903018,23.45375006094496],[-75.70097300728244,23.445974049182826],[-75.69625098612968,23.44069490628682],[-75.69875302037282,23.437917137670066],[-75.70819098112649,23.443470872527403],[-75.70986198863818,23.439306923241205],[-75.70458100066496,23.431804004495575],[-75.68402800765433,23.43680705173844],[-75.67041701271472,23.433751085976642],[-75.65708202036164,23.437917137670066],[-75.65430600788791,23.445417053307164],[-75.64485898613917,23.44069490628682],[-75.64680501525254,23.43236310317966],[-75.63708400963218,23.4268060651923],[-75.63652801331378,23.415971090177557],[-75.63402599939253,23.4156949958861],[-75.6301419982791,23.424861988350106],[-75.61680699282974,23.419304951433165],[-75.61180901724798,23.414029116878282],[-75.59513901998426,23.42097413538581],[-75.586523988256,23.422083920436304],[-75.56485598627023,23.406528906857744],[-75.55208598492132,23.407362897694814],[-75.54152700866915,23.410417058815035],[-75.52930399746367,23.40847298278821],[-75.52958701873322,23.40458212716291],[-75.52124697853031,23.402359854224837],[-75.5204159849276,23.407362897694814],[-75.52791599807125,23.416528986918287],[-75.5365290186765,23.421528126619847],[-75.5654150171485,23.43097211614066],[-75.56903201269763,23.433751085976642],[-75.58430398865173,23.439026923204274],[-75.60375200136646,23.440417009244474],[-75.62430499500434,23.453193966244964],[-75.63124799379565,23.45402795808331],[-75.65541800568899,23.465139038394277],[-75.66263601269983,23.470139085670677],[-75.67124899512115,23.47180496709616],[-75.67346899401636,23.463194959622914],[-75.68708001700865,23.45791611479597],[-75.68485997855521,23.454305855223666],[-75.67041699379249,23.45402795808331],[-75.6665259975939,23.46097298375956],[-75.6593009847669,23.459862897164307],[-75.65819600538894,23.4559720363905],[-75.66764098466456,23.45069589641937],[-75.68458600111711,23.449584007544885],[-75.693747979762,23.453471863379278],[-75.69930301975914,23.465695133267282],[-75.72208501036056,23.471527069828973],[-75.73542000335387,23.46680702260807],[-75.74485800687337,23.47374904630509],[-75.742638000585,23.47819600394079],[-75.75096799714912,23.48041798080548],[-75.75235901131622,23.490695076138206],[-75.74180601292521,23.489304086984824],[-75.74013599497798,23.491806966208767],[-75.74569701556193,23.497917104660996],[-75.75597299831719,23.48958498867798],[-75.76152801292864,23.489304086984824],[-75.75902501449718,23.49875109747745],[-75.76541798066394,23.501248870021282],[-75.76569398679763,23.507359911290404],[-75.77430698575715,23.508193904315668],[-75.78124899363638,23.513193957268076],[-75.78569798173024,23.52180487739688],[-75.79319798783439,23.528192918405075],[-75.79374798140361,23.53319387531808],[-75.80097299570284,23.53374997119311],[-75.80958500007719,23.530137000518362],[-75.81458398044278,23.534027868918766],[-75.82042000894688,23.53486005995826],[-75.84458201613465,23.55291710795662],[-75.84819899392147,23.55874995934767],[-75.85236300730695,23.55986004886186],[-75.86458602154194,23.57347314389032],[-75.86653201633766,23.57791710909153],[-75.87208598306616,23.580414886957016],[-75.88346801446993,23.592916096496513],[-75.88541499920044,23.593193994668898],[-75.89680598459503,23.607082897389734],[-75.90930201811918,23.618750120570272],[-75.91430700507262,23.616806033757452],[-75.9162509814457,23.625694876607295],[-75.91041700856942,23.629029056981235],[-75.91708300144968,23.63624900963415],[-75.92485701532394,23.63819610180861],[-75.93096998970807,23.632916931604043],[-75.93597501798678,23.635140119507813],[-75.95541400005884,23.655695000390537],[-75.97652502009113,23.668194133103935],[-75.98513799672445,23.67874797831872],[-75.98930401100438,23.680695072826804],[-76.00291498311265,23.676803888229976],[-76.00680600557742,23.66791803693656],[-76.01236000481127,23.668472031860002],[-76.01791401027192,23.681249067951107],[-76.02625400659856,23.686527043629816],[-76.02847401604234,23.69486010600525]]],[[[-76.15736298897671,23.714304927385786],[-76.15930297847495,23.70624885812827],[-76.14291401526465,23.696528100702533],[-76.13819099700012,23.701249980215266],[-76.15152600905668,23.706807059697063],[-76.15736298897671,23.714304927385786]]],[[[-76.06736001538937,23.721806101440972],[-76.06402600428554,23.714027028266006],[-76.06458200801302,23.708195052872473],[-76.07180699631314,23.701803975664735],[-76.06736001605057,23.69486010600525],[-76.0659720070373,23.685693046509424],[-76.0687479945284,23.6823609638316],[-76.0662530178736,23.671250118247627],[-76.05791500382414,23.67014002530453],[-76.05596899502525,23.661526967061842],[-76.05735701590322,23.65458310534942],[-76.04763901780129,23.652361117957323],[-76.0404140070997,23.64680404706823],[-76.0356980000589,23.655695000390537],[-76.04096999555061,23.660692970532843],[-76.04708001032294,23.66124906836034],[-76.050971003062,23.67069402026283],[-76.03763601146699,23.67986107584487],[-76.04013800459428,23.689583030365895],[-76.03402798858592,23.690414924559903],[-76.03402801564167,23.695694103343953],[-76.04680701267988,23.700138083735],[-76.05819799134315,23.710694942885013],[-76.06041800329473,23.71541502172974],[-76.06736001538937,23.721806101440972]]],[[[-76.17485797996606,23.73180686822614],[-76.17903101446764,23.72319409521626],[-76.17847498765319,23.717083918706088],[-76.16374900734986,23.708749048432395],[-76.1612469886394,23.715695925175584],[-76.1620860163609,23.720418107721365],[-76.1679160144655,23.72319409521626],[-76.17514099915053,23.723471994409564],[-76.17485797996606,23.73180686822614]]],[[[-76.18486100831241,23.73569505465297],[-76.1870809969965,23.727081980241326],[-76.18013901446793,23.72319409521626],[-76.17903098110858,23.72902787572335],[-76.18486100831241,23.73569505465297]]],[[[-76.0468069910532,23.739582941087086],[-76.04541701200539,23.72763807912426],[-76.0368039967158,23.727915978353277],[-76.03986197850163,23.73374885836317],[-76.0468069910532,23.739582941087086]]],[[[-76.18152700205012,23.74958401346654],[-76.17958001857794,23.746250122061692],[-76.16569598816915,23.74597192225289],[-76.1656960175685,23.748472115431998],[-76.18152700205012,23.74958401346654]]],[[[-76.1106960206266,23.783472135278124],[-76.11597400818819,23.772637053740947],[-76.10319500818687,23.772637053740947],[-76.10097501027623,23.767639067482428],[-76.08569398220476,23.761528883066767],[-76.08097100107243,23.751806007053034],[-76.07180698618042,23.75041590910148],[-76.067915989808,23.74319593292358],[-76.05374900694254,23.738751045714682],[-76.0531930058629,23.740973038599712],[-76.06319401754486,23.748472115431998],[-76.07263901616884,23.752362106335802],[-76.1031950066702,23.779306043764],[-76.1106960206266,23.783472135278124]]],[[[-76.14041800372522,23.790139024410234],[-76.14125000432104,23.787917028318823],[-76.1343080218807,23.779862143495862],[-76.12986098181034,23.761248880542347],[-76.11985801209308,23.762361079424373],[-76.12791502197236,23.779028144117532],[-76.13680298853934,23.788748924891365],[-76.14041800372522,23.790139024410234]]],[[[-76.55513899868308,24.312361991753246],[-76.56402502381663,24.309584149165254],[-76.56375099187666,24.30319294909762],[-76.56014401617274,24.299861101374187],[-76.5487520214281,24.30208313431211],[-76.55513899868308,24.312361991753246]]],[[[-76.55847098340307,24.34430389633222],[-76.55819699992348,24.33208299952198],[-76.55235997674494,24.329304854558337],[-76.55847098340307,24.34430389633222]]],[[[-76.58875398049177,24.372637878471128],[-76.58958501519514,24.367640094697688],[-76.58819497711364,24.35375085720982],[-76.58235800168877,24.35097301054049],[-76.57791902285993,24.352917142654867],[-76.58041399066936,24.364858941831358],[-76.58541901272136,24.366806079290264],[-76.58875398049177,24.372637878471128]]],[[[-76.63375099476814,24.405138967511512],[-76.635970000091,24.401528000565598],[-76.62152698073724,24.38402688016112],[-76.62041500636677,24.37597303963591],[-76.61653201970155,24.375138122665035],[-76.61819500944098,24.38819605871874],[-76.62986002136847,24.397916132777944],[-76.63375099476814,24.405138967511512]]],[[[-76.73097198733677,24.449027921741834],[-76.73180299796924,24.437360987438772],[-76.72569300934397,24.440971057787706],[-76.73097198733677,24.449027921741834]]],[[[-76.76457999746694,24.508193984428004],[-76.76791401501285,24.5040280923226],[-76.77402399660507,24.503471979124356],[-76.77208698511468,24.491248908372565],[-76.77319300306925,24.487083018900062],[-76.76902901113034,24.480138068578473],[-76.77375100803431,24.474582049522233],[-76.76763800283916,24.468195017510766],[-76.76736501538906,24.4623610949569],[-76.76013999685694,24.466526980611388],[-76.76458000190816,24.477362011760984],[-76.7651359824478,24.485969891900183],[-76.76875300346295,24.49180502131725],[-76.7684699758743,24.497639851562873],[-76.76457999746694,24.508193984428004]]],[[[-76.78653001766843,24.560416108127093],[-76.7904139867036,24.556803918609727],[-76.7870860164694,24.551806100859732],[-76.79374599462491,24.54208296705985],[-76.796806995293,24.533749971136157],[-76.79485999222949,24.524305952311327],[-76.78346900370937,24.51874902277897],[-76.77902900370914,24.51874902277897],[-76.77402401607942,24.513195098799773],[-76.76624999549836,24.51652697234533],[-76.77347502412061,24.52847214802416],[-76.77263600141454,24.543751008670153],[-76.7790289779885,24.546248865125463],[-76.78236401393407,24.55124908534225],[-76.78291299713408,24.559305982459563],[-76.78653001766843,24.560416108127093]]],[[[-76.8134690200982,24.64902712205829],[-76.81735998391366,24.63736190221761],[-76.81819200274481,24.60041701673612],[-76.82263797786345,24.59069386493017],[-76.81514002148799,24.58930613114077],[-76.81652800179486,24.60791601093733],[-76.80708301133893,24.610138069089732],[-76.80541999784843,24.622082986903266],[-76.80208501739078,24.62652710582814],[-76.80708297609107,24.635693854627473],[-76.80680798480549,24.64124990765561],[-76.8134690200982,24.64902712205829]]],[[[-76.81346898413126,24.733194904302987],[-76.82069399157801,24.72819494919419],[-76.82236501939464,24.72069411707054],[-76.83069501112467,24.722360067134737],[-76.82569002295405,24.708195138694666],[-76.81930599508955,24.709304970330198],[-76.81957997748032,24.715693864004912],[-76.81346898413126,24.733194904302987]]],[[[-76.82069399958242,24.824027997501542],[-76.82763701499775,24.81513908980735],[-76.82680502111509,24.804582126552575],[-76.8176430132663,24.820693079412496],[-76.82069399958242,24.824027997501542]]]]},"properties":{"source":"https://simplemaps.com","id":"BSEX","name":"Exuma"},"id":12},
{"type":"Feature","geometry":{"type":"MultiPolygon","coordinates":[[[[-78.3183369979004,27.227220989829668],[-78.32527898711932,27.223332937592197],[-78.32360898754015,27.21583293959666],[-78.31639100167523,27.21750100812127],[-78.31250000449475,27.226668021776295],[-78.3183369979004,27.227220989829668]]],[[[-78.33416800102327,27.23777800495252],[-78.33777600249601,27.230278012085464],[-78.34249800519906,27.225555025180544],[-78.33416799999848,27.22111099999311],[-78.33139000519834,27.225555025180544],[-78.3213889898341,27.229999950767404],[-78.33416800102327,27.23777800495252]]]]},"properties":{"source":"https://simplemaps.com","id":"BSGC","name":"Grand Cay"},"id":13},
{"type":"Feature","geometry":{"type":"Polygon","coordinates":[[[-76.76513599871207,25.551527992748728],[-76.77097299871203,25.551527992748728],[-76.77263600196281,25.547362011054517],[-76.78597200214305,25.545415012069505],[-76.80708300214367,25.545415012069505],[-76.8031930024886,25.540139014018923],[-76.79235799780717,25.54319298764953],[-76.78402800114834,25.540417006470175],[-76.77263600015765,25.54097100088847],[-76.76013999685668,25.538194982281475],[-76.75569099716363,25.539860984012865],[-76.7501369995399,25.53763899740644],[-76.74180699850375,25.53958299156483],[-76.74346999912885,25.544304995091323],[-76.75707899813958,25.54624898951953],[-76.76513599871207,25.551527992748728]]]},"properties":{"source":"https://simplemaps.com","id":"BSHI","name":"Harbour Island"},"id":14},
{"type":"Feature","geometry":{"type":"MultiPolygon","coordinates":[[[[-76.97847001089721,26.388472057217722],[-76.98457999386767,26.37708296777585],[-76.98180399862635,26.372082992779053],[-76.98486300867502,26.36291604563674],[-76.98319198799678,26.348194936781454],[-76.97930800254814,26.373193013395408],[-76.97847001089721,26.388472057217722]]],[[[-76.98041598926388,26.49763794410448],[-76.98986100013765,26.483473000717634],[-76.9918050045623,26.471250023798248],[-76.98902898895766,26.441803942268358],[-76.98542100090312,26.440416004722717],[-76.98680899176193,26.45763895698147],[-76.98708299069834,26.474859951491823],[-76.98041598926388,26.49763794410448]]],[[[-76.99069299838217,26.511807991587766],[-76.99874998851688,26.507082940272948],[-77.00402799172294,26.50097295693179],[-76.99930600068761,26.494584003580556],[-76.99375100068764,26.494584003580556],[-76.994026993281,26.504304965043392],[-76.99069299838217,26.511807991587766]]],[[[-76.95986100717641,26.559029037196783],[-76.96291199943663,26.555972997080005],[-76.95930500001724,26.550416000089495],[-76.9593050041958,26.54430602177248],[-76.9637529939899,26.54347196881347],[-76.96819300278712,26.53375101447286],[-76.97541799201578,26.52569395851918],[-76.97264200851147,26.51430504426134],[-76.9784700025964,26.514584013500617],[-76.98263598731651,26.49985993397928],[-76.97930799957382,26.49847199778157],[-76.9720839995537,26.509582997678727],[-76.9704129874631,26.516527934815795],[-76.96485901282043,26.52263806663261],[-76.95736000337655,26.535417017534016],[-76.95625299380396,26.549861967861222],[-76.95986100717641,26.559029037196783]]],[[[-77.02319298948812,26.617082945802093],[-77.02097301445252,26.61013907455836],[-77.01680701435961,26.608473074092373],[-77.01013799994341,26.60152799970801],[-77.0118019927062,26.598471962334525],[-77.0081940110383,26.591807057034224],[-77.0001379864337,26.58652692986899],[-76.99346898618008,26.584860928542284],[-77.0056920059203,26.600416030570962],[-77.01236100021164,26.604860001092757],[-77.02319298948812,26.617082945802093]]],[[[-77.08347399155355,26.65374995660679],[-77.08152800790818,26.64513904065661],[-77.06903099112301,26.642914954349138],[-77.07736100797557,26.651806040984386],[-77.08347399155355,26.65374995660679]]],[[[-77.1587520132944,26.704584067969893],[-77.16541399473243,26.700416973063348],[-77.16791600575378,26.695417029434367],[-77.15513699653428,26.692916982264745],[-77.15152701033566,26.688194052913413],[-77.15180298895494,26.682083943429298],[-77.14458499263901,26.679861962288822],[-77.13541298620801,26.680973929338535],[-77.1281980097219,26.67291704984451],[-77.12208501291259,26.672361066211202],[-77.11680599074003,26.667916952499667],[-77.10041698788706,26.657637937802708],[-77.09430699807956,26.66180699014148],[-77.10375201014557,26.66708305205596],[-77.1168060030485,26.671527015634172],[-77.12319300934897,26.6779180479174],[-77.14097698797988,26.685415938441825],[-77.15513699596322,26.69458297934498],[-77.1587520132944,26.704584067969893]]],[[[-77.34014101225297,26.798751062053814],[-77.34124698835325,26.794859941000553],[-77.33486298546532,26.790137926337906],[-77.34152898975894,26.78513994808324],[-77.32902598915614,26.765693944937688],[-77.3240280080927,26.762084041107077],[-77.33041400778498,26.756806039556615],[-77.31903200544784,26.755696027687993],[-77.31708600578787,26.760974029404913],[-77.3240280006138,26.76930700311648],[-77.32375399325846,26.774860965789916],[-77.33041399048881,26.78791595178637],[-77.34014101225297,26.798751062053814]]],[[[-77.35847500085492,26.819306004322275],[-77.36513400400148,26.812362020237767],[-77.36291399341137,26.80874896666807],[-77.35319600400085,26.812362020237767],[-77.35847500085492,26.819306004322275]]],[[[-77.38430898729094,26.845415935899304],[-77.38652800261704,26.840416013204848],[-77.37625199461,26.83236097278502],[-77.37180301403559,26.822360070926248],[-77.36736300012325,26.823751000623258],[-77.35069399891317,26.818195994504883],[-77.35597201322203,26.8268050668063],[-77.37486198522471,26.83513892541154],[-77.38430898729094,26.845415935899304]]],[[[-77.4834739871501,26.915694935613214],[-77.48958599323679,26.91152696610357],[-77.47875099520999,26.904028975976427],[-77.47652499252025,26.905694962489726],[-77.4834739871501,26.915694935613214]]],[[[-77.6884680045604,26.994305022657812],[-77.68069400665922,26.987363033105662],[-77.67930600403845,26.98013802008822],[-77.66097299246823,26.972917962507534],[-77.65291599940005,26.97069299701335],[-77.6406929994002,26.97069299701335],[-77.64485898972235,26.975693948838995],[-77.66152900619208,26.97430603082093],[-77.66819799395456,26.977083969918947],[-77.67319598961315,26.985694948352982],[-77.6884680045604,26.994305022657812]]],[[[-78.03083100962608,27.091943047271204],[-78.02083500274772,27.07583401351136],[-78.01611199463234,27.076109973605437],[-78.0086139944257,27.086944972608656],[-78.03083100962608,27.091943047271204]]],[[[-78.1055520139908,27.131666068438044],[-78.09610801122068,27.124446054923425],[-78.09027800804306,27.124166039373183],[-78.08166501259316,27.111111061713444],[-78.0758370103323,27.113057050630697],[-78.07805700192893,27.12000200944761],[-78.08444300555644,27.12611202719901],[-78.08999700555691,27.12611202719901],[-78.1055520139908,27.131666068438044]]]]},"properties":{"source":"https://simplemaps.com","id":"BSHT","name":"Hope Town"},"id":15},
{"type":"Feature","geometry":{"type":"MultiPolygon","coordinates":[[[[-73.02430600544301,21.338195042535983],[-73.03208299324473,21.33680394721393],[-73.03819300772707,21.332916060383873],[-73.05403100062802,21.32708400490838],[-73.06124900022891,21.32236200178963],[-73.06625400293424,21.32180502293004],[-73.06903000254397,21.317083019883025],[-73.06847399259225,21.309303942090068],[-73.07264000873037,21.297916068271586],[-73.07930899341541,21.291250948502313],[-73.07986499416256,21.28624895433898],[-73.08569199220685,21.281803939037477],[-73.08958500672989,21.26958405266488],[-73.09486399954207,21.260138996416423],[-73.10902400369697,21.247360028944072],[-73.11541700263362,21.24347402061946],[-73.11624899748276,21.239582980289804],[-73.12180299812402,21.23652898531153],[-73.12430600205262,21.223194016079447],[-73.12735699528612,21.21430496306642],[-73.13153000233865,21.207639018326997],[-73.13819199781288,21.187639982852268],[-73.14792000335297,21.177085026295],[-73.16180400299508,21.16875002348945],[-73.17319499646987,21.163473972315348],[-73.19264300081542,21.162640006393744],[-73.19819700126176,21.160139009893697],[-73.20764200096673,21.159583007579656],[-73.2234730031422,21.152639024634958],[-73.23569599619668,21.143193970179645],[-73.24597299649004,21.14374997248431],[-73.26264200134962,21.13514001058097],[-73.27097199617012,21.135414969978843],[-73.28236400350967,21.14125002750306],[-73.28791800153495,21.139862012027596],[-73.31263699905197,21.14624999257647],[-73.31625399563497,21.149860965820338],[-73.3362490009684,21.159583007579656],[-73.34124700348643,21.16097402728293],[-73.3526380006311,21.17097200493675],[-73.35680499811428,21.176250985254455],[-73.3645859980277,21.192361984586785],[-73.37319199974856,21.20513899803675],[-73.37457999527015,21.21430496306642],[-73.37986000266609,21.224306020811675],[-73.38791699750753,21.235416980553794],[-73.39264000216838,21.23513901691725],[-73.39763500455766,21.228751035562812],[-73.39763499770315,21.224027982075896],[-73.40486299593007,21.211250968229415],[-73.41430699715086,21.202638977756568],[-73.42263800284228,21.200972022190264],[-73.42763599942012,21.192637995472992],[-73.43736300475459,21.189306037125174],[-73.44513700178817,21.190416013960963],[-73.47625000475708,21.189306037125174],[-73.48652600260468,21.18430502032818],[-73.4976419997175,21.181248997796292],[-73.51763899580807,21.18625196730205],[-73.51819700337005,21.177085026295],[-73.52735900241552,21.167638018850553],[-73.53236400037825,21.158471002952577],[-73.54541700146723,21.15180701145323],[-73.54291400371129,21.14597202897593],[-73.54513699837979,21.136249987347565],[-73.55236099953709,21.130694996385053],[-73.56791599638004,21.12708297173262],[-73.5690310038391,21.120973029985432],[-73.57791999707281,21.116249977137908],[-73.58430599695484,21.120415976221167],[-73.59069900371281,21.117360028993712],[-73.59513800097307,21.110138007600327],[-73.60347100172878,21.10819301350189],[-73.61042000424463,21.109584033144756],[-73.61902599701777,21.107361976714536],[-73.62791500138691,21.098749010830883],[-73.64458399730962,21.100138978997016],[-73.66069799899483,21.108749992156884],[-73.66625200471047,21.107083036757267],[-73.66486399743275,21.095972979961008],[-73.6531970047833,21.09402903734611],[-73.64791899941419,21.089581995425725],[-73.64375200071703,21.07986100560191],[-73.64458400395918,21.062640030943953],[-73.6479189995681,21.04680699662366],[-73.65624900335872,21.03708202626539],[-73.66347599656488,21.031249973136294],[-73.67041800139388,21.027915010901467],[-73.69624999942086,21.02652699547254],[-73.70014299715493,21.02458297775801],[-73.70263599937824,21.0176389951385],[-73.6995839982835,21.010139986575233],[-73.69125400188811,21.00347201477213],[-73.68208299746189,20.987638980132342],[-73.67903100348849,20.973474027319682],[-73.68152699565572,20.962360965971403],[-73.67874899591138,20.955137967966046],[-73.67819200326245,20.941249025571363],[-73.67430900121434,20.93208200952166],[-73.6643060037318,20.921528029270295],[-73.65235799929962,20.914582994505786],[-73.6448600016522,20.91236101296625],[-73.63957899643856,20.92347197205912],[-73.63208099613581,20.9348609696897],[-73.6234749995082,20.9431949961436],[-73.61708000385185,20.942361030214652],[-73.60208099640334,20.94736197178564],[-73.5959700013379,20.94764001049703],[-73.58374700119037,20.944027009341674],[-73.57763699640458,20.94736197178564],[-73.55263499640576,20.94736197178564],[-73.54736299684993,20.944860975268917],[-73.53680399655502,20.944304972949197],[-73.51819699871082,20.9373609898727],[-73.51430400150814,20.93263801185009],[-73.50736200416104,20.930972032698566],[-73.499864000777,20.922638006108123],[-73.48930499614876,20.92291596972356],[-73.47152700144903,20.931529011392872],[-73.44403200401635,20.934029031586903],[-73.43569199732885,20.937084978992814],[-73.42791800121037,20.93208200952166],[-73.41347499628927,20.931803970804776],[-73.40291599614787,20.9348609696897],[-73.39013699909414,20.933750992870767],[-73.38319499673985,20.935972974342057],[-73.3804169966526,20.940138973656584],[-73.36569100094503,20.95125000743698],[-73.35819300016173,20.95847000127272],[-73.35097499596857,20.962916968279924],[-73.3334729988167,20.965972990688837],[-73.32319700059426,20.96263900467821],[-73.31402499862665,20.961250989188358],[-73.31375199586692,20.967082967466602],[-73.30819799645286,20.96819497207816],[-73.30124599831262,20.973748986718583],[-73.29402800038567,20.97097100303696],[-73.29541799881738,20.965972990688837],[-73.30319299538486,20.96180496366255],[-73.309860997938,20.964304983767423],[-73.31569600016161,20.95847000127272],[-73.31874799661632,20.952083973357144],[-73.31847400368964,20.945418029058292],[-73.31208100374505,20.946527029495883],[-73.30652700291314,20.952638022941805],[-73.29125199823154,20.96486098607486],[-73.28485899616123,20.967638969772526],[-73.27402399557627,20.96652696516037],[-73.25792000016143,20.95847000127272],[-73.25263900291094,20.952638022941805],[-73.24319399858669,20.953471988860663],[-73.23708400339987,20.95791602679658],[-73.22819499917392,20.95458399348792],[-73.22180200295277,20.960417023276523],[-73.20819099794085,20.964304983767423],[-73.20347600117884,20.96375100929464],[-73.18653000303848,20.969305023958565],[-73.17708600274588,20.96874902165352],[-73.16263599794215,20.964304983767423],[-73.15875200078239,20.967361006172098],[-73.15374700266263,20.980694020997795],[-73.14847599979072,20.99847099835067],[-73.142365002045,21.008194016117244],[-73.13819200025344,21.019307001997436],[-73.12486200457944,21.026252036082518],[-73.11096999873706,21.054026990055853],[-73.10652800248081,21.059860019533982],[-73.10152300066507,21.078752005234772],[-73.09847199533212,21.08208396326684],[-73.08569199999611,21.106251999970393],[-73.07791799917125,21.105692993481266],[-73.07486000242265,21.11291801905541],[-73.06458299877673,21.12486099038183],[-73.05152800150694,21.132083011849552],[-73.0470819966068,21.139583973323724],[-73.03736100086957,21.150695006835388],[-73.0354150003756,21.158471002952577],[-73.02903100092387,21.17152800725827],[-73.023749998252,21.185138986272733],[-73.01791299766565,21.195971981672276],[-73.01541999793987,21.21263898383336],[-73.01625199716258,21.218749977738124],[-73.01403000453381,21.228751035562812],[-73.01374900029818,21.24569600233779],[-73.0087510073404,21.270696057503528],[-73.00875100736094,21.27902805764908],[-73.01097100265346,21.28236302077825],[-73.01125400701041,21.29708405486941],[-73.00791899944089,21.298471995624357],[-73.01041500514734,21.315417040263497],[-73.00875099354695,21.321251949532584],[-73.0093070034026,21.33375002660034],[-73.0148609960709,21.33152796928501],[-73.0165250004763,21.337917003723174],[-73.02430600544301,21.338195042535983]]],[[[-72.99597200410041,21.560693031801947],[-73.00235799884986,21.556804991080398],[-73.00458500052487,21.551526004071974],[-73.01457899251811,21.542083941947617],[-73.03458499745518,21.527638980250472],[-73.05708199227034,21.517639940006042],[-73.06903000755331,21.513472058626363],[-73.0759739907734,21.5093049283835],[-73.07569200859761,21.497360066765],[-73.07402800954561,21.489860074149],[-73.06874899958453,21.479582996772084],[-73.05569400758684,21.459862059012256],[-73.05291799207548,21.4518049383421],[-73.05235999491502,21.42819296040195],[-73.04430300567371,21.426251044191964],[-73.02874799418723,21.43930595473761],[-73.0229179939288,21.44541695273226],[-73.00958299637368,21.450970971767322],[-72.99735999208148,21.4518049383421],[-72.99513999459714,21.450138957927056],[-72.9829169907953,21.458195928329133],[-72.97263999899667,21.468749992189988],[-72.96375199132518,21.472638932472425],[-72.94875300561613,21.472361043728476],[-72.9348589981187,21.47374898535038],[-72.91791600019592,21.486806001525792],[-72.91430599428725,21.497637955541226],[-72.91291800755013,21.50736105873951],[-72.92708499911532,21.518749993121723],[-72.94541799252171,21.524859941883992],[-72.95652699075168,21.530138928153637],[-72.96263999159092,21.537361934695756],[-72.97430399695433,21.544859976358506],[-72.97846999868929,21.55069398982887],[-72.9840250055589,21.551804043134698],[-72.98986199218312,21.559304939368303],[-72.99597200410041,21.560693031801947]]]]},"properties":{"source":"https://simplemaps.com","id":"BSIN","name":"Inagua"},"id":16},
{"type":"Feature","geometry":{"type":"MultiPolygon","coordinates":[[[[-75.23569498777152,23.189581915467187],[-75.25096900280283,23.183750019379833],[-75.2518080190622,23.177361131850258],[-75.24653000765754,23.17625105297386],[-75.23180400591313,23.17680504091297],[-75.22708198020267,23.181249863055125],[-75.23569498777152,23.189581915467187]]],[[[-75.26819499898964,23.19097199301961],[-75.26014102166083,23.182084149762705],[-75.25430399145661,23.18819394095111],[-75.26819499898964,23.19097199301961]]],[[[-75.14569097910254,23.19319485540132],[-75.15403099789293,23.19152898542078],[-75.16625199515629,23.186805966479547],[-75.15819500018566,23.179027001286272],[-75.14875002102879,23.176527145660643],[-75.14236399291444,23.170694950898337],[-75.13735899652049,23.174860975893054],[-75.14458401792074,23.183472124083064],[-75.14569097910254,23.19319485540132]]],[[[-75.28069399054691,23.194304934711692],[-75.29096998579882,23.190415901907798],[-75.2887510008259,23.184584005708107],[-75.28180599342257,23.187359954553337],[-75.28069399054691,23.194304934711692]]],[[[-75.19847199920184,23.238471994497978],[-75.20124802147492,23.23513814807943],[-75.18736301145802,23.233474079031723],[-75.18902698753396,23.23736191404017],[-75.19847199920184,23.238471994497978]]],[[[-75.34153097762524,23.614305849943705],[-75.34124800218724,23.604583014679505],[-75.34430701194458,23.595138080213328],[-75.33846999650208,23.595972976509785],[-75.33097101663265,23.605139111635673],[-75.34153097762524,23.614305849943705]]],[[[-75.32763700653798,23.686527043629816],[-75.33985999794965,23.677359986311156],[-75.34430699841347,23.67652598940825],[-75.33958402167865,23.665972144858344],[-75.33097100138865,23.654307009288136],[-75.33486199922243,23.63902799479434],[-75.34625298222919,23.62486088091613],[-75.34513901798445,23.618750120570272],[-75.33958400195469,23.619582013105],[-75.33235902174164,23.615140145820952],[-75.32569100570608,23.61597203827231],[-75.32514100063561,23.621250004261803],[-75.31569701275583,23.624585085515314],[-75.31319400765446,23.62958305129938],[-75.3076400061835,23.63097104143991],[-75.3043059875374,23.63569591650536],[-75.30069801578544,23.620972105873854],[-75.3062519790041,23.61263785910833],[-75.30458098937194,23.602638928629126],[-75.3120799956626,23.583195970836055],[-75.31930499631656,23.569584975211516],[-75.31124800786692,23.572083052939202],[-75.30291801366207,23.58013909189443],[-75.30097102173868,23.586250146159962],[-75.28986301679694,23.590694112915433],[-75.27874702096057,23.58708414096135],[-75.2737490144521,23.579305097251677],[-75.275412980191,23.57041686662113],[-75.28152601446352,23.566528097405577],[-75.27652700368472,23.562916024823046],[-75.27708398005161,23.557636865565275],[-75.27097299896933,23.554582993052602],[-75.25736199882552,23.54291699207512],[-75.25430400594985,23.53708204016781],[-75.25096900920255,23.523751062187017],[-75.25347201730166,23.517639116962002],[-75.24819100781453,23.513750052845737],[-75.2484740172596,23.507084116770997],[-75.25763797871718,23.49263885588299],[-75.24624701284075,23.489304086984824],[-75.23597000283576,23.476528019229725],[-75.22875201029305,23.471527069828973],[-75.22291498008246,23.462638864786204],[-75.2226419786862,23.454305855223666],[-75.22985798596608,23.449861904653186],[-75.22680601277844,23.44236108686576],[-75.22763799371849,23.436250957282343],[-75.22319799939318,23.432637995872522],[-75.21375298425178,23.432915892859082],[-75.20680199316206,23.42763795345807],[-75.20180600800823,23.41902705454374],[-75.20319401865224,23.40458212716291],[-75.1984719786221,23.402359854224837],[-75.18819497995085,23.40180586326186],[-75.18514299426509,23.39374896086438],[-75.18152600112286,23.390139007665287],[-75.16847098878308,23.388748923411324],[-75.15569198896235,23.380972924582483],[-75.14680600204392,23.38152601396701],[-75.14097599018343,23.372359932873405],[-75.14347199585629,23.369583971660703],[-75.15096998218313,23.369027878155272],[-75.16208798034158,23.35486086545266],[-75.15430400362672,23.350416024832615],[-75.15291600611489,23.356807041851958],[-75.14763598082179,23.36208286877796],[-75.13597099160054,23.36402694252755],[-75.12847000069354,23.351804004750395],[-75.12764101102827,23.346806075556394],[-75.1215280147494,23.337639101121297],[-75.12208598622004,23.330138905479807],[-75.11763800870544,23.319306059760528],[-75.11985701810632,23.314862124327806],[-75.12791401649643,23.315696113255306],[-75.12569401495486,23.3093051027188],[-75.12208601658415,23.308471113921588],[-75.11875199040902,23.300416934079387],[-75.12319199718442,23.29069598063694],[-75.11208300587909,23.293194040432123],[-75.1051410054754,23.286806037675216],[-75.1034700027502,23.274861018939237],[-75.10791700604545,23.273473041632883],[-75.11736401996737,23.260693137606363],[-75.1312490121318,23.251527083642227],[-75.13430700742292,23.24736105118898],[-75.1406929991501,23.244862994139353],[-75.14180799392135,23.240693958067492],[-75.15152801432833,23.23819409884612],[-75.14736199754982,23.23291498309084],[-75.14597398797719,23.2190289169491],[-75.13764198902723,23.218471924191256],[-75.1356969938594,23.21069595755407],[-75.14180799408146,23.210415959090838],[-75.14485997845742,23.205139851051776],[-75.14569098302255,23.19736088255745],[-75.13625398003748,23.187083861797664],[-75.13486600391302,23.17763902710792],[-75.12513800391253,23.17763902710792],[-75.11985700964017,23.17541706680552],[-75.11763799139344,23.165694940318783],[-75.10041900214993,23.161528014916417],[-75.09069798026133,23.15347386296633],[-75.09153000449884,23.149583031240542],[-75.08680801315681,23.1409730914188],[-75.07680499101245,23.13847293753363],[-75.06930600632387,23.13263804397511],[-75.06541300216799,23.12375201508499],[-75.06458400477904,23.117361033266896],[-75.07069400045154,23.108472003145227],[-75.07041800137912,23.097918009611444],[-75.0606910023028,23.092361016056852],[-75.05847101378697,23.083194096188546],[-75.07180898472578,23.088472893491705],[-75.07402902055003,23.09625214322309],[-75.07152600212189,23.102638014783114],[-75.0759730133871,23.10902809322325],[-75.08902799154558,23.106527941127524],[-75.09041598285927,23.114860880707035],[-75.10041900662176,23.11680704607384],[-75.10902499608534,23.12597397278179],[-75.10402699514133,23.13152796622757],[-75.11208300450001,23.149583031240542],[-75.12041601576743,23.150693109440905],[-75.12403099358839,23.1537499555094],[-75.13708500799265,23.15930605543343],[-75.13957900987118,23.152915068488408],[-75.13124897847005,23.154027850617066],[-75.12264298938518,23.149860926321885],[-75.11430302140046,23.14875114856958],[-75.1090250040283,23.139029027985448],[-75.10708499514112,23.13152796622757],[-75.11152700330486,23.128472022974723],[-75.10736097956918,23.12124885789867],[-75.10263900079752,23.118749005548544],[-75.10236300447875,23.107084031181508],[-75.1006920061738,23.10125004299916],[-75.12069600079766,23.118749005548544],[-75.12902900551981,23.12236103837868],[-75.13153099425777,23.126527960088502],[-75.14847699624654,23.141804973943277],[-75.15347200835784,23.148195057995505],[-75.14847701727254,23.161250119761284],[-75.15736298119927,23.164027869683025],[-75.1706939797859,23.1590278598652],[-75.18069400827571,23.164863057342654],[-75.18264102103826,23.176527145660643],[-75.17680400227144,23.172639015732408],[-75.17458401382068,23.168195095750647],[-75.16541301961485,23.165973135929338],[-75.15708300448942,23.16625103111443],[-75.1587529891531,23.17208292485539],[-75.1651390076492,23.17625105297386],[-75.16347601990226,23.182638137776152],[-75.1718060027999,23.183750019379833],[-75.17847499646186,23.180414975508935],[-75.19458101419735,23.179306098263833],[-75.20014198385682,23.191249888364503],[-75.19958400769542,23.199027053190644],[-75.20625298506282,23.202360896787876],[-75.21430298106594,23.198194869148338],[-75.21763698017949,23.19263786297867],[-75.2187490039174,23.17763902710792],[-75.22708200591273,23.17680504091297],[-75.2279139871348,23.17291691095993],[-75.21708797978496,23.170138860046116],[-75.21347102077115,23.165416143855534],[-75.20097398498604,23.162639895981755],[-75.18208200987682,23.152915068488408],[-75.180420978386,23.148470850078354],[-75.16374899804721,23.141250986446],[-75.1409759982109,23.125139987565145],[-75.1348659994254,23.12458299600622],[-75.10680501774827,23.09708312363565],[-75.09513800891332,23.095139062108732],[-75.08125298472383,23.088472893491705],[-75.07597298472493,23.088472893491705],[-75.07069398169425,23.08430387231648],[-75.0540309812362,23.079583869053064],[-75.0331959921949,23.080693945519716],[-75.01180399443466,23.079859961140627],[-74.99819301970174,23.071252137668367],[-74.98347399823356,23.068751987653027],[-74.9740289868647,23.062638908136428],[-74.97097099986595,23.0581949990629],[-74.9581919991745,23.05347199422254],[-74.95152998390455,23.04402688726829],[-74.94791501474998,23.03375110338037],[-74.9393089790366,23.02180585294429],[-74.9348599958459,23.006804970831304],[-74.92292000925104,22.997918065006626],[-74.91874702125031,22.989305149412885],[-74.91402398169276,22.974581871155703],[-74.90763798840267,22.96347091831629],[-74.90319802084086,22.949029146929032],[-74.9018009851525,22.937914895252145],[-74.89680498159639,22.930416870095236],[-74.89569098591143,22.924862900518438],[-74.89097498756698,22.919859912176634],[-74.88708498858277,22.910970919304006],[-74.8873610006518,22.903195004609437],[-74.8829179854597,22.89514089712482],[-74.87986000163767,22.88180501159685],[-74.87764001412528,22.878195100049286],[-74.86569300962167,22.87125106818987],[-74.8601389947591,22.854858962818913],[-74.85375198695067,22.853194907403534],[-74.84596900997475,22.858750070763904],[-74.83736301729859,22.86069412272086],[-74.83347300141818,22.865418010058978],[-74.83236000961735,22.87125106818987],[-74.82652997916212,22.88013885232362],[-74.82958199989925,22.89069399928721],[-74.83264099990066,22.894859999296788],[-74.83597499320243,22.90541695190609],[-74.83652397963692,22.913749856001754],[-74.84014101504066,22.920138106314823],[-74.83791198378901,22.925416885447355],[-74.84319299612571,22.93902797264789],[-74.84958600452869,22.945138031957967],[-74.85097400648694,22.95347304575335],[-74.8465279798506,22.966249857990043],[-74.84680097922433,22.975415853659065],[-74.854308013412,22.97819509444752],[-74.85680398970555,22.990417927565215],[-74.85180600475346,22.99014003345076],[-74.85263800721869,22.998472050771202],[-74.85819199344085,23.007638953898148],[-74.87124701154116,23.020416081040786],[-74.87513799648674,23.020693975332943],[-74.88374998230593,23.030137875851214],[-74.89680499721607,23.049305980494367],[-74.90235999757888,23.059028983047803],[-74.90569401264347,23.058751088526655],[-74.9154119953635,23.06958296756368],[-74.92875001268474,23.08875108862014],[-74.93680602051252,23.09625214322309],[-74.94347299601877,23.094582972201945],[-74.93791899329675,23.08541695316502],[-74.95207900417756,23.09180702917123],[-74.95986200263476,23.097361018390195],[-74.96346998485966,23.103749894375085],[-74.9681919870378,23.10291590957185],[-74.9887459937291,23.105693956272827],[-74.99458201739041,23.107640121242344],[-75.0023569848518,23.103749894375085],[-75.00736201770775,23.10736012343666],[-75.02153100045129,23.108472003145227],[-75.03097598072192,23.115694865731918],[-75.04374800330186,23.128472022974723],[-75.05319300030412,23.134860002115495],[-75.06263699029277,23.14402693254324],[-75.06819197848816,23.154027850617066],[-75.07069398324869,23.16319388374815],[-75.08374698474127,23.19680689435541],[-75.08430497847483,23.205139851051776],[-75.08763998124924,23.2156938703452],[-75.089300989417,23.230416926894787],[-75.08847100841366,23.246804058058903],[-75.0859759801081,23.252916862787092],[-75.08208501033462,23.252361071294754],[-75.08430498418771,23.276806891098023],[-75.09124699448765,23.298471962094126],[-75.09569598875817,23.301250922712928],[-75.09930398471393,23.30986089497423],[-75.09985998743231,23.322359913723897],[-75.10152401949749,23.32819513379348],[-75.10624599518435,23.332916966968114],[-75.1173639811444,23.35430387086609],[-75.1268090203794,23.364305139458782],[-75.13819098476408,23.383194895888305],[-75.14597401427218,23.399028097412128],[-75.170973990608,23.429305936051065],[-75.17708701649245,23.44013911220415],[-75.1812509951607,23.444026967087225],[-75.19069798662477,23.45847190913489],[-75.19458101727213,23.4670831172643],[-75.20041599718198,23.49013898090034],[-75.2034769795623,23.512637861698643],[-75.20180600714568,23.525139048314102],[-75.2068019805995,23.534027868918766],[-75.21652901592097,23.541251107503914],[-75.22708198559306,23.553192902814924],[-75.22708198281948,23.555414884123255],[-75.23902901082303,23.56930407291603],[-75.25875001924858,23.588472129469935],[-75.26875297823072,23.59930685370791],[-75.2748639957349,23.61097197136428],[-75.27625201927546,23.633752129205753],[-75.28513998207075,23.641527879899904],[-75.29597501335108,23.65763908931806],[-75.30486399137409,23.666527942337716],[-75.32180701181333,23.67902707888269],[-75.32763700653798,23.686527043629816]]]]},"properties":{"source":"https://simplemaps.com","id":"BSLI","name":"Long Island"},"id":17},
{"type":"Feature","geometry":{"type":"MultiPolygon","coordinates":[[[[-77.71874897962077,24.14125087259045],[-77.7268059885858,24.136528928620532],[-77.74236300600491,24.137639037541845],[-77.74458299332876,24.12902795826663],[-77.73735798569695,24.123749910478374],[-77.72264198569961,24.123749910478374],[-77.71902502127053,24.126250133136857],[-77.71708698905542,24.137082931552037],[-77.71874897962077,24.14125087259045]]],[[[-77.69986002052894,24.147084128319893],[-77.70930398152787,24.142638884511836],[-77.70458198765955,24.136248922804377],[-77.71097500932436,24.129304058355782],[-77.70625201991648,24.125416124690293],[-77.70569599773638,24.12069598582355],[-77.69902801503427,24.121806094159513],[-77.69097099641317,24.11986197753096],[-77.68042099017737,24.12680593849053],[-77.67097400931961,24.129304058355782],[-77.66986200273652,24.135417017127867],[-77.67291999516898,24.14097296977844],[-77.67791798296136,24.143472893437593],[-77.67903001966947,24.135973123086746],[-77.68707998011098,24.14180487560936],[-77.69319098153166,24.142638884511836],[-77.69986002052894,24.147084128319893]]],[[[-77.68846798463547,24.16486090408088],[-77.69291702231199,24.158472139354057],[-77.69847201362916,24.16291708508842],[-77.7079159825577,24.163472891124286],[-77.71514098974146,24.158193935945928],[-77.71236498295379,24.143472893437593],[-77.7034760219792,24.147918137369782],[-77.69513700643887,24.148196040246386],[-77.69291698344674,24.144026896497685],[-77.68291399564994,24.141526972792207],[-77.67514000498808,24.147362031188763],[-77.6801379792981,24.15152787061198],[-77.6734690052782,24.15791603297607],[-77.67514001210779,24.16208307561844],[-77.68846798463547,24.16486090408088]]],[[[-77.64763498877598,24.176805929957634],[-77.654304012662,24.172083079039],[-77.66263700743075,24.169027046390557],[-77.67513998979565,24.167916936299896],[-77.6698620223053,24.158472139354057],[-77.66430698623853,24.155971914002116],[-77.66124601036465,24.15097206479926],[-77.64902599603458,24.1618069752263],[-77.64624700897754,24.169861056055705],[-77.64763498877598,24.176805929957634]]],[[[-77.63847300448366,24.212084027907068],[-77.64430301476969,24.209304091940414],[-77.66708299443067,24.20680596533521],[-77.67875002336113,24.196527145501666],[-77.67763599595654,24.1901389748032],[-77.6831970069534,24.187085043338488],[-77.68624899413219,24.179861963409472],[-77.70124798979234,24.167916936299896],[-77.68624900225183,24.16597101405718],[-77.67236400954995,24.170415059607077],[-77.65763898005517,24.171804875503305],[-77.65152799693777,24.18180398089902],[-77.64264000650776,24.204860040525308],[-77.63236301062287,24.207082066148576],[-77.63847300448366,24.212084027907068]]],[[[-77.67402600309697,24.30097301913281],[-77.68624901641063,24.299861101374187],[-77.6979130218023,24.295416134707743],[-77.70652799371192,24.290415961137942],[-77.72013898759256,24.28763992331498],[-77.72680601209238,24.277361074793212],[-77.7381970000525,24.272083000325328],[-77.74764197959512,24.270138873755332],[-77.75791799510536,24.269860969720764],[-77.76680701963974,24.266526121515785],[-77.76847097887529,24.262637869259386],[-77.77874702420928,24.253749149916775],[-77.78263797717932,24.246804858613103],[-77.78180599941861,24.24208199639678],[-77.79041201834234,24.243195113662726],[-77.79374601108796,24.2395850687259],[-77.80513702325567,24.237916144142215],[-77.81735999877337,24.225694992391613],[-77.82152701832564,24.227362113655044],[-77.82485900132745,24.21875100823843],[-77.82263901898695,24.21152611790101],[-77.82708100756389,24.205140046989925],[-77.84180401188381,24.19902707384756],[-77.84708498204157,24.19125088834479],[-77.83902798521162,24.184303907994636],[-77.84013999927954,24.173748995514284],[-77.84680199188584,24.16930494946442],[-77.84458199657018,24.16236097862728],[-77.85291297824423,24.16124786442917],[-77.85680301681576,24.154862104834862],[-77.86319802398795,24.149306149600953],[-77.86652999043885,24.137916940322903],[-77.8887470164686,24.1337511027963],[-77.90208498856,24.136528928620532],[-77.91208600041965,24.14458300261657],[-77.91764001264742,24.142083078864605],[-77.91764000019025,24.13402600118729],[-77.91486399948661,24.122083996794025],[-77.9079129819749,24.10958288730621],[-77.89486000339008,24.101804021211688],[-77.8929140101976,24.094306063843636],[-77.88680301627583,24.086251101968152],[-77.90069498157602,24.084304884577726],[-77.91097400336834,24.088751021092598],[-77.92597300488781,24.090139030597783],[-77.93069500100468,24.08708300629046],[-77.92485801929476,24.075694120920463],[-77.90958298166493,24.07041788502584],[-77.90069502021304,24.062361126844415],[-77.88208101548156,24.05791709720868],[-77.87347501571878,24.05847109870474],[-77.87236000354174,24.06180502223543],[-77.86291602045512,24.062915128420638],[-77.86235699988207,24.05819499925942],[-77.85624698092549,24.05541688016905],[-77.85847400322854,24.046250020296494],[-77.8656919979087,24.040971986849534],[-77.86319801992504,24.030971125397556],[-77.85874898763294,24.030138922159775],[-77.84486499636458,24.02208397710005],[-77.84319202378431,24.017084149881786],[-77.83430602192992,24.014862138235326],[-77.83125401667465,24.00902710515998],[-77.82402901318247,24.004583083171912],[-77.82291500979403,24.00013906181489],[-77.80542000971938,23.999585061359994],[-77.80124701408621,24.005971088889982],[-77.78514001106743,24.020972069775794],[-77.7773590147137,24.024585092747742],[-77.77319301974198,24.030417124394905],[-77.76875300525022,24.032083033079715],[-77.77486399675517,24.039583979569557],[-77.78375198966495,24.03236093489789],[-77.79347302194257,24.033193138195315],[-77.80680799986385,24.04263999914377],[-77.80124698545566,24.044305908486457],[-77.79736302202824,24.04902813855998],[-77.78597199006308,24.049303937488514],[-77.78402798764239,24.046527922241943],[-77.77319301662337,24.04375010463806],[-77.7659750010422,24.044028006561017],[-77.76096999086307,24.049583942503435],[-77.76125299457608,24.053747965879918],[-77.74708500322389,24.046250020296494],[-77.73791401979429,24.046806124624446],[-77.73180398030951,24.03930487594869],[-77.72235901145667,24.038749072190228],[-77.72374698429208,24.04291790105674],[-77.71652898547148,24.044305908486457],[-77.71375302200445,24.04902813855998],[-77.71013601909851,24.061527120152043],[-77.71208299727434,24.07013998286439],[-77.71097502150079,24.077362135099612],[-77.70736001126993,24.0823610707907],[-77.70736000606493,24.090973038071198],[-77.70486401017298,24.094306063843636],[-77.70374999320042,24.10597195736533],[-77.69541999467869,24.118473966662926],[-77.70430797975213,24.11958287317596],[-77.71319501637105,24.12264010250599],[-77.71874902336101,24.116527146332366],[-77.72430298924245,24.11486093261224],[-77.73542097670091,24.11736085409741],[-77.74069302336767,24.116527146332366],[-77.74402698323678,24.122358895078225],[-77.75041998881666,24.12597193002855],[-77.75347199514289,24.1304159696218],[-77.77152898294082,24.143472893437593],[-77.78263800041894,24.14458300261657],[-77.79680701597844,24.144305099773604],[-77.80430499185377,24.138750949117014],[-77.8084719800798,24.14180487560936],[-77.79319700644699,24.148196040246386],[-77.78346998874133,24.147636929704813],[-77.76486301262253,24.142083078864605],[-77.75680601968925,24.135973123086746],[-77.75152500273946,24.135417017127867],[-77.73847297961564,24.14125087259045],[-77.72708199849674,24.143194990604922],[-77.72374701183986,24.15180607395782],[-77.72374701005918,24.160695062791643],[-77.72569398462821,24.16486090408088],[-77.71680498003991,24.171804875503305],[-77.70041601481262,24.17347109239872],[-77.69208497920259,24.180693870328945],[-77.69319101953461,24.185416121751977],[-77.68680497652548,24.188194853713146],[-77.68013798317034,24.200970895217804],[-77.66347500099755,24.21041600620815],[-77.6512520009974,24.21041600620815],[-77.63375098967512,24.21291593573879],[-77.63430700204323,24.21930501271103],[-77.63124799877639,24.225694992391613],[-77.62152802242292,24.23736213931516],[-77.62430601106378,24.2395850687259],[-77.63986102320631,24.237916144142215],[-77.6504139866059,24.243747916855227],[-77.65846999040367,24.252916940478897],[-77.6626370187449,24.265972116139768],[-77.6668100000524,24.272083000325328],[-77.66791499376191,24.28347196140639],[-77.6712500030899,24.28736201911057],[-77.67069297797184,24.29736086387086],[-77.67402600309697,24.30097301913281]]]]},"properties":{"source":"https://simplemaps.com","id":"BSMC","name":"Mangrove Cay"},"id":18},
{"type":"Feature","geometry":{"type":"Polygon","coordinates":[[[-73.12958599376272,22.456805953664567],[-73.12930399301032,22.43791594802229],[-73.13569699757784,22.41652898196953],[-73.14069499379332,22.40958395378247],[-73.1420829962026,22.398195971707207],[-73.15819599071169,22.38235993075233],[-73.16819700968733,22.370417072258924],[-73.17124899409687,22.363192955954116],[-73.16375100113048,22.360139008437983],[-73.14958100188933,22.358473014105595],[-73.14152400311437,22.361251023250396],[-73.12596899609059,22.36430497081459],[-73.1129139980838,22.365416985692598],[-73.08180200244468,22.3506940182756],[-73.06735899813009,22.336526986009204],[-73.05986100613504,22.331807045921682],[-73.04763800363037,22.33680502717158],[-73.0251379957657,22.35680596833282],[-73.00514299309528,22.369582948380984],[-72.99624500342061,22.371805025573195],[-72.98014099037292,22.370136928005643],[-72.97208400912247,22.36597306824388],[-72.96902600284967,22.355138021331022],[-72.96624700912929,22.353750068344233],[-72.9456940003753,22.36180500280957],[-72.93208300161446,22.364583012085294],[-72.90458800161386,22.364583012085294],[-72.87819799835044,22.359306987640814],[-72.86736299734478,22.354859980097388],[-72.84735899731218,22.33819297982969],[-72.83180099697456,22.321805977272305],[-72.82930799508453,22.320693963070486],[-72.80735800840466,22.299862063232354],[-72.79846900021303,22.295694001603696],[-72.78902400892098,22.289305067169053],[-72.78208199914873,22.282638993588197],[-72.7676389976319,22.290417982165764],[-72.76236100110823,22.298472008344365],[-72.75208399527631,22.304306964443658],[-72.74708600340755,22.305417025650925],[-72.73735799805957,22.314026985398336],[-72.73486299596618,22.319027969651945],[-72.73625099600702,22.329584969976096],[-72.72763800006025,22.33763900045385],[-72.73569500938758,22.341527070545062],[-72.73986100390775,22.34124902936442],[-72.74485700754775,22.346528056697224],[-72.76013799458678,22.35402795936215],[-72.76236100048308,22.349582003628424],[-72.76902699772972,22.348749982954814],[-72.77902999536,22.35236196517319],[-72.79041200235278,22.3629170176482],[-72.79902699503641,22.37374996279616],[-72.80319099432772,22.375415957490002],[-72.80985999039531,22.370136928005643],[-72.82013699082081,22.376249931225964],[-72.8204189969599,22.380971977228484],[-72.82791999209977,22.385137940843038],[-72.84124800653059,22.386529048890097],[-72.84708499967356,22.38958299755774],[-72.85569800935417,22.387361070010503],[-72.8720850053017,22.395971039653784],[-72.88541299843082,22.400693988269403],[-72.89402800459843,22.39930603437757],[-72.9093009922641,22.402081942189277],[-72.92736099232943,22.40680594270588],[-72.9501410081307,22.418751060674083],[-72.95847299644377,22.419860973467408],[-72.95486499724203,22.410418979411503],[-72.94624999952035,22.41291699642012],[-72.93347099518913,22.407637964071416],[-72.94180400466847,22.397637034880926],[-72.94930200397417,22.400972029685523],[-72.95541500460232,22.39930603437757],[-72.9604200048136,22.405416035941116],[-72.97569199926416,22.40513799450697],[-72.99541600566714,22.41152904228014],[-73.01597600090784,22.425140006767112],[-73.02596999294796,22.43013994746278],[-73.0295869940426,22.434583955630742],[-73.03986400469122,22.436806034931035],[-73.05374799860165,22.438193989591266],[-73.06625400837773,22.445417062329543],[-73.07180800620337,22.444305046151545],[-73.07263999910889,22.436527993367807],[-73.08125299294265,22.43013994746278],[-73.09041699294175,22.43013994746278],[-73.0979149953236,22.43263796520018],[-73.10902400110093,22.442361008187856],[-73.1148610040221,22.449583029897706],[-73.12958599376272,22.456805953664567]]]},"properties":{"source":"https://simplemaps.com","id":"BSMG","name":"Mayaguana"},"id":19},
{"type":"Feature","geometry":{"type":"MultiPolygon","coordinates":[[[[-77.55069700118007,26.23430700622553],[-77.55958599765253,26.226527987611277],[-77.5543069951142,26.22291797420534],[-77.54819399462136,26.225139971606122],[-77.55069700118007,26.23430700622553]]],[[[-77.56902999401238,26.245417968450457],[-77.58264100656218,26.23513903459984],[-77.56930600268339,26.233748014152535],[-77.56597200485074,26.23763902557649],[-77.56902999401238,26.245417968450457]]],[[[-77.57180899121396,26.33319395402306],[-77.57624800680618,26.332916035615376],[-77.58180298897048,26.327639942265524],[-77.57736301375489,26.312085072093268],[-77.56930599389918,26.30069296799247],[-77.56263699466153,26.298470971985168],[-77.56208101142288,26.287639059996746],[-77.56903001332103,26.267361070071377],[-77.57902399720372,26.26986098529658],[-77.57430200658169,26.256250034648797],[-77.56346900658073,26.256250034648797],[-77.56430799544826,26.26819497605744],[-77.55763900571074,26.274306030027997],[-77.55208498955791,26.276805945101856],[-77.539305995914,26.287916978533637],[-77.53402699399284,26.302917968475313],[-77.54458700145292,26.315695007616544],[-77.55486301202237,26.32263906297902],[-77.56597200208488,26.327918010915614],[-77.57180899121396,26.33319395402306]]]]},"properties":{"source":"https://simplemaps.com","id":"BSMI","name":"Moore's Island"},"id":20},
{"type":"Feature","geometry":{"type":"MultiPolygon","coordinates":[[[[-77.36541699938151,25.089305996408005],[-77.36653099966668,25.080414998062867],[-77.38180599976909,25.079026998658176],[-77.38319399977874,25.072640998714167],[-77.38764300025665,25.070418001492854],[-77.3954170000727,25.07180600042325],[-77.4048619996366,25.078472997888884],[-77.42236300036889,25.075973002143986],[-77.43430399998803,25.078194999930922],[-77.44374799991654,25.070693999515285],[-77.45263699974288,25.069583998506197],[-77.45652799969936,25.065971998253197],[-77.4651400001325,25.066250000770328],[-77.47180200031693,25.064306001842517],[-77.48652599993912,25.064583999646604],[-77.49569700014595,25.062640000848788],[-77.50180700017864,25.057361001038835],[-77.49930499996027,25.050138999769597],[-77.51152800003804,25.045138000221908],[-77.51264200027836,25.040138001621173],[-77.52263600003575,25.037916000208515],[-77.53236400014981,25.029583000872858],[-77.54291599983183,25.029026999021077],[-77.54291600003847,25.02097000022498],[-77.55041400000009,25.018194000000946],[-77.55430699997257,25.014027999840383],[-77.54597500001191,25.002083000069796],[-77.53541497514108,24.99986085481355],[-77.49903100000394,25.001249000023407],[-77.49069202038294,24.999027119123177],[-77.48319299107128,24.994862947795255],[-77.47791302147189,24.98958412561011],[-77.47347300913017,24.980693053455482],[-77.45764202497095,24.98041814623301],[-77.45319299350275,24.978470961943795],[-77.44235997490215,24.978194852967206],[-77.44347300501948,24.984862029389458],[-77.4281909928657,24.98319395821496],[-77.42208102009091,24.984584117667158],[-77.40541798594674,24.991805917728136],[-77.40652598386869,24.984305905503103],[-77.39347102495026,24.98041814623301],[-77.38541401517465,24.981527088939142],[-77.37319102144284,24.98958412561011],[-77.35624799467479,24.99541696881524],[-77.34874699999486,25.002638999970497],[-77.34208800000597,25.005695000035605],[-77.32930900000596,25.005695000035605],[-77.32180800000833,25.007640000049264],[-77.31764200001746,25.00458300010263],[-77.31153099999389,25.007361999964758],[-77.30430599995752,25.014861999752053],[-77.29486200004564,25.01375000026755],[-77.29096899990141,25.016805999423468],[-77.2768019999689,25.016527999818106],[-77.26680799988218,25.021528999311027],[-77.26402999983245,25.029026999021077],[-77.259025000093,25.030137000543952],[-77.25597299987085,25.03986199924586],[-77.26930299999066,25.047359999945588],[-77.2912519996763,25.055416998112673],[-77.29374699986987,25.058748999241903],[-77.3040309999928,25.06513999995854],[-77.30902899998851,25.073749999933526],[-77.3193050001549,25.074863000901672],[-77.33763900065934,25.079585003834747],[-77.35236399976918,25.079026998658176],[-77.35652800027904,25.08652700162137],[-77.36541699938151,25.089305996408005]]],[[[-77.32708000052499,25.090415003050882],[-77.33097000032375,25.085139001882464],[-77.32874999929412,25.080694995895637],[-77.3137510003396,25.077917001976015],[-77.304305999988,25.078194999930922],[-77.29180999965868,25.076528998014044],[-77.2934709999433,25.086804999670587],[-77.31513900066233,25.084861003851397],[-77.32708000052499,25.090415003050882]]],[[[-77.08458600038603,25.13097300224273],[-77.08930199988154,25.12541599931181],[-77.09958800010381,25.12347200060348],[-77.106802999307,25.119303995972004],[-77.11125199930702,25.119303995972004],[-77.14597300070403,25.11069500409385],[-77.17791699970569,25.094583998287728],[-77.19652600053251,25.089027003100455],[-77.21653000055409,25.087639003225483],[-77.22430399968344,25.09180599815903],[-77.22958299937652,25.090693996373556],[-77.22625100066153,25.084861003851397],[-77.20097299938767,25.084582996434417],[-77.18263900053245,25.089027003100455],[-77.16486400061551,25.100972003581347],[-77.13847400070397,25.11069500409385],[-77.11347200046866,25.115693002725603],[-77.09069899929425,25.122637995898305],[-77.08458600038603,25.13097300224273]]]]},"properties":{"source":"https://simplemaps.com","id":"BSNP","name":"New Providence"},"id":21},
{"type":"Feature","geometry":{"type":"MultiPolygon","coordinates":[[[[-77.31513901018776,26.688060052046847],[-77.31276700304515,26.691805015553353],[-77.31069300354291,26.703750018079365],[-77.313469002201,26.707082011228778],[-77.3409729942613,26.72180497076788],[-77.35069400688057,26.73069303502125],[-77.37180299416113,26.74513897032198],[-77.37596900722436,26.74541703671824],[-77.38930399621742,26.76013998080007],[-77.3940270032383,26.768748016426013],[-77.40208399193597,26.776526959125263],[-77.39958100960989,26.77986104870051],[-77.40569399026273,26.783470950671962],[-77.41319201006853,26.792360050967734],[-77.42597098885555,26.802916943641165],[-77.43319599097306,26.812083954385344],[-77.44930298709697,26.82347293486835],[-77.47819499649724,26.84624998235608],[-77.48402299238914,26.849581961675014],[-77.49374999185557,26.858748959021234],[-77.50680501289933,26.86902806484247],[-77.51402999668825,26.87680698336425],[-77.53097601298354,26.891528065135525],[-77.53680299204628,26.892361960104264],[-77.54736298928934,26.898749946307962],[-77.55180500594066,26.903194029769207],[-77.58486099775564,26.921527988774084],[-77.58542000633194,26.916530031684317],[-77.58264099383754,26.90680496914076],[-77.58542001398715,26.902082070065745],[-77.59596999066211,26.899859953222883],[-77.60124999963655,26.900693998179896],[-77.61125101387816,26.898196069516604],[-77.61875199826207,26.89958399129654],[-77.62875301289039,26.89625006456396],[-77.64958201029012,26.897916051519932],[-77.68208201222903,26.903751061174574],[-77.70958700278018,26.907639013899285],[-77.71902500278058,26.907639013899285],[-77.72235900492183,26.910695024595427],[-77.74291900621655,26.911805031055184],[-77.76069600827337,26.91486104131117],[-77.76958499173898,26.91902795876915],[-77.77903000063603,26.91986200317435],[-77.80069800063626,26.91986200317435],[-77.80735698835146,26.916804941880496],[-77.82291499935077,26.914026996760807],[-77.81847500492785,26.910695024595427],[-77.8115299878451,26.910972939330865],[-77.80347398523448,26.89930592622824],[-77.80124700145781,26.90652900728008],[-77.78236399249066,26.905694962489726],[-77.77680300683426,26.907083034137667],[-77.76291601169561,26.89902605846639],[-77.75180799158491,26.90180595793613],[-77.74708500389502,26.89541601948078],[-77.74847299473691,26.887916973663494],[-77.73708200761581,26.88347303812853],[-77.73069800761513,26.88347303812853],[-77.71791900504319,26.892640025238133],[-77.71708700998329,26.902638049922768],[-77.71319501223395,26.903751061174574],[-77.7090310048947,26.8973620244886],[-77.69513698828813,26.896803941391973],[-77.69264101045971,26.89319405235822],[-77.68458499059437,26.891251952906895],[-77.68458499474127,26.887916973663494],[-77.67708599213516,26.884860960598644],[-77.66486299815325,26.875137990740367],[-77.650137993029,26.866249965015708],[-77.63430698914998,26.866805945539884],[-77.62264199882665,26.861248994107576],[-77.60819299690945,26.865693984481418],[-77.58458801291223,26.86902806484247],[-77.57624800742177,26.868474037275966],[-77.57208198591852,26.87208392929164],[-77.56346899268776,26.874583963285488],[-77.55374898515262,26.87485992544365],[-77.54652398749653,26.87319393719962],[-77.53819399269021,26.874583963285488],[-77.54402800490207,26.880417024609034],[-77.55763898797188,26.880694939630065],[-77.56764199037838,26.879028951708644],[-77.58041498514756,26.87485992544365],[-77.58430499474805,26.887916973663494],[-77.57791900514391,26.885139025802744],[-77.5679159971031,26.88902998547156],[-77.56014201397026,26.881251070113095],[-77.54819401396806,26.881251070113095],[-77.5434720001737,26.888471000871856],[-77.52986100097053,26.880973004872864],[-77.52569499815661,26.875137990740367],[-77.51152800412376,26.86263902073836],[-77.50375400974944,26.852083049073237],[-77.49319398550544,26.84430592699079],[-77.48652599270476,26.834026963222335],[-77.47875100021672,26.830139001093297],[-77.47235799346636,26.820417967021804],[-77.4676360100962,26.80847105100963],[-77.45458101443053,26.795416072992612],[-77.45097299193093,26.776526959125263],[-77.45041700317644,26.759028016112754],[-77.45430800692529,26.73930603517884],[-77.45291999131129,26.729304955830063],[-77.44819698835559,26.721250940764538],[-77.43736199415841,26.711525970257473],[-77.43402799957857,26.70597199785354],[-77.43319599862006,26.698194992966872],[-77.42402698669035,26.692082932121604],[-77.42375099727381,26.687915986092285],[-77.41347499490597,26.682637973999125],[-77.40680600764139,26.687084038994954],[-77.40374699860737,26.680415992889777],[-77.39847600847659,26.681250043280937],[-77.39708801412921,26.685972072117547],[-77.38069199779171,26.686249988727237],[-77.3748620008797,26.689029004490813],[-77.37569300249757,26.695973012742268],[-77.37235901045632,26.70180505332339],[-77.36069399957898,26.70597199785354],[-77.35708701332855,26.704584067969893],[-77.3490300063456,26.693751032389972],[-77.34958598794734,26.685415938441825],[-77.34569599625455,26.674304980853336],[-77.34097301254964,26.674027064159894],[-77.33430399167962,26.68319395748885],[-77.32791799818115,26.67874699070351],[-77.31513901018776,26.688060052046847]]],[[[-77.41735798635695,26.67347093031671],[-77.42041699353179,26.66902696695297],[-77.41680900772695,26.659306039510046],[-77.41236001371142,26.664861070083745],[-77.41735798635695,26.67347093031671]]],[[[-77.49819200400826,26.812362020237767],[-77.50930799339888,26.80874896666807],[-77.50736099611014,26.801804980347697],[-77.49764300189428,26.803195009571077],[-77.48958601227662,26.798751062053814],[-77.48680799611111,26.801804980347697],[-77.49514099301135,26.80597296469694],[-77.49819200400826,26.812362020237767]]],[[[-77.95180399909034,26.820971995437127],[-77.95680199909026,26.820971995437127],[-77.95680199493599,26.815139974588416],[-77.95263601015942,26.80847105100963],[-77.94430599259378,26.810417962815816],[-77.94513801199729,26.81763806020151],[-77.95180399909034,26.820971995437127]]],[[[-77.51097199649126,26.82708298230781],[-77.5115279895591,26.817361947314392],[-77.50541698729528,26.812639935863203],[-77.50041898927728,26.813749945870043],[-77.51014000843182,26.821806042534703],[-77.51097199649126,26.82708298230781]]],[[[-77.93569100390742,26.833195019586526],[-77.93930798523081,26.831526925961665],[-77.94542000102842,26.82208200515933],[-77.94180299460159,26.811527972898034],[-77.93235899493753,26.815139974588416],[-77.92986301397183,26.819584070113045],[-77.9331970114356,26.83208305732936],[-77.93569100390742,26.833195019586526]]],[[[-77.91596899810548,26.838192990505117],[-77.92041798512065,26.83513892541154],[-77.91930398520306,26.82513892576817],[-77.91291798701967,26.82347293486835],[-77.91263498750594,26.815415937269744],[-77.90402899517608,26.817915975781947],[-77.91069799456999,26.825972972757942],[-77.91596899810548,26.838192990505117]]],[[[-77.90708098773014,26.839027938500536],[-77.9104149887953,26.83735894383488],[-77.90902699646293,26.830694982260606],[-77.90125299836919,26.828192991819297],[-77.90708098773014,26.839027938500536]]],[[[-77.53958201450197,26.87013807286224],[-77.54263999497182,26.86180497472255],[-77.5420840021117,26.853195010623253],[-77.53013700540488,26.849860027200833],[-77.52930500101802,26.859583005119955],[-77.53624701290413,26.86902806484247],[-77.53958201450197,26.87013807286224]]],[[[-77.90541899421855,26.87569397110175],[-77.90791298911175,26.866805945539884],[-77.89486001221752,26.864306061131025],[-77.89653098585964,26.87208392929164],[-77.90541899421855,26.87569397110175]]],[[[-77.87791499667274,26.87680698336425],[-77.87985901159048,26.867082057993137],[-77.86875300674814,26.871250033758407],[-77.87791499667274,26.87680698336425]]],[[[-77.71485899339724,26.878469966921877],[-77.72541800832029,26.87236004169697],[-77.72264200743574,26.868474037275966],[-77.7143020067347,26.871250033758407],[-77.71485899339724,26.878469966921877]]],[[[-77.85291299870501,26.887360993528898],[-77.85958100664884,26.886249033228523],[-77.8573609994502,26.879862997251276],[-77.85069300762694,26.88347303812853],[-77.85291299870501,26.887360993528898]]],[[[-77.83458598709193,26.915694935613214],[-77.85541498708847,26.915694935613214],[-77.87486300900063,26.910139044892404],[-77.88514001175591,26.908473058633827],[-77.90097000864124,26.901528043113135],[-77.86013698505208,26.91263892544558],[-77.84013998633466,26.913748931830618],[-77.83458598709193,26.915694935613214]]]]},"properties":{"source":"https://simplemaps.com","id":"BSNO","name":"North Abaco"},"id":22},
{"type":"Feature","geometry":{"type":"MultiPolygon","coordinates":[[[[-77.75847000173478,24.604369010445865],[-77.75875001147935,24.610138069089732],[-77.75096898838089,24.612361930075718],[-77.74708498147906,24.629582888693395],[-77.74375098111429,24.633193886530318],[-77.74430901013038,24.64319406081531],[-77.7406929896512,24.649582937903865],[-77.74652900602122,24.656530036106712],[-77.75152498388366,24.659027903385923],[-77.7518079894485,24.663749936770902],[-77.7479169862527,24.670137917660444],[-77.74791697522691,24.67819485172041],[-77.75402800185738,24.687084011109068],[-77.75847002161825,24.69791612916704],[-77.77375101668326,24.716806099504563],[-77.79152598275266,24.736248897322792],[-77.79763901426573,24.739027084901593],[-77.80652498694452,24.740139922318154],[-77.81208001397079,24.751529083043167],[-77.82569099590597,24.76069497568827],[-77.83180301673947,24.773750099289888],[-77.84097198337113,24.782916901454705],[-77.84541398048314,24.78541688437146],[-77.8506929901173,24.79319294149151],[-77.85958099339356,24.802637960923867],[-77.86096901888577,24.807082111664133],[-77.8718039938634,24.820139963762518],[-77.8812490228311,24.825138134749942],[-77.88847400901025,24.83986105310813],[-77.89986498837577,24.853195931573126],[-77.90347302383215,24.861805140181527],[-77.90680698325995,24.877083901667543],[-77.91263499308589,24.87597195938529],[-77.90680699567937,24.8681949746017],[-77.90624901086007,24.86236306387397],[-77.89736297961188,24.849027879937744],[-77.8987509795399,24.843470879459105],[-77.90486102240038,24.84764013191605],[-77.90458701328265,24.857360078157893],[-77.91152999641953,24.86013797893912],[-77.91541299714754,24.86569498323067],[-77.91791600703894,24.87819404133847],[-77.92292098338258,24.89319490254207],[-77.93152702067246,24.89902712116702],[-77.92986298859776,24.909859933229225],[-77.93096800023253,24.916805001361215],[-77.93486097821925,24.921248872585075],[-77.94069600444072,24.93791602593945],[-77.94541998382245,24.942362905547366],[-77.94680800074929,24.95736200436931],[-77.94430601610493,24.959584093891788],[-77.94430600065222,24.97208500379856],[-77.94180298315189,24.981805901960474],[-77.9518039789554,24.988471877626807],[-77.96569798510124,24.989305913386755],[-77.96514200505337,24.984862029389458],[-77.96013698925323,24.982639937483647],[-77.95764098337074,24.974582903193333],[-77.96458301421146,24.976527082710774],[-77.96708598823207,24.9679169314625],[-77.96097601979065,24.962638115324594],[-77.97569201611137,24.959584093891788],[-77.9693080203646,24.967638118605656],[-77.96986398898234,24.972916935862518],[-77.97403000918914,24.980693053455482],[-77.98236097731211,24.973748867955813],[-77.98791497776732,24.97624887064203],[-77.97930897958592,24.98125188126188],[-77.98014101545573,24.98875008984028],[-77.98569499845215,24.991247991006073],[-77.98625100792697,24.99958504603051],[-77.9779120000053,25.00319500003109],[-77.98430700007361,25.01875000042748],[-77.97847000011369,25.022363000659077],[-77.97763799986869,25.031528999239857],[-77.97486000001054,25.038194000061466],[-77.97708199996623,25.046806999805366],[-77.97180100020573,25.05791700118907],[-77.95764100017968,25.057361001038835],[-77.96013699993878,25.064583999646604],[-77.9712520007548,25.083471004352745],[-77.98291699998548,25.08541699991653],[-77.98513899976722,25.079026998658176],[-77.99263699989575,25.081526999399586],[-77.99819199960476,25.087082997722845],[-77.99680400070625,25.10014100406577],[-78.0023580002431,25.09986000139971],[-78.00541599940048,25.10430499655101],[-78.00486000003282,25.112917000189356],[-77.99458400042504,25.116528002443317],[-77.99069300035453,25.12152800203781],[-77.99263699927124,25.130416995816525],[-77.99902999950841,25.143192997181092],[-78.00180899936146,25.142361996338472],[-78.0204150013129,25.172638007508894],[-78.03152399911997,25.17347199496877],[-78.03541700140613,25.177638008037068],[-78.04708099855941,25.17180599176415],[-78.05874599984422,25.182915999110897],[-78.06485900021205,25.17958200121188],[-78.06625300054364,25.167639003108714],[-78.07041999984752,25.169861999128642],[-78.07930799868586,25.17041499248964],[-78.07263900132234,25.159585007565827],[-78.05680900114302,25.15763900654229],[-78.0623629999849,25.149583999913943],[-78.06764099998496,25.149583999913943],[-78.08875299968807,25.157362998215802],[-78.09541300114357,25.15763900654229],[-78.0959710005326,25.15097200304911],[-78.10597199967236,25.152081998125738],[-78.11319700053278,25.15097200304911],[-78.12735699999962,25.153749999998098],[-78.13041799929158,25.15791699594981],[-78.12930299909424,25.16736099482545],[-78.15597599888838,25.17902799365765],[-78.16764099923665,25.17847199564558],[-78.17097499862298,25.17680599214392],[-78.183471998979,25.176249994175787],[-78.19652600140911,25.177638008037068],[-78.20402499903888,25.1843039945222],[-78.19069600084192,25.18541700479941],[-78.1809690006606,25.181528003767706],[-78.16014000066046,25.181528003767706],[-78.15208300096477,25.182363005503763],[-78.14680500028041,25.189307001598884],[-78.15930100089552,25.191249005104446],[-78.16263599855878,25.19569299178911],[-78.18347199885304,25.203471993472228],[-78.201805001005,25.20597200571852],[-78.21013700063534,25.203194003615902],[-78.21708700152166,25.20486000865732],[-78.22291700003846,25.200972000219636],[-78.22985899941983,25.187916996695638],[-78.22486100116319,25.175416006633213],[-78.21763599987312,25.16624899927625],[-78.21819200075083,25.155973004289415],[-78.21236399998494,25.149583999913943],[-78.21152499926765,25.14152699581132],[-78.20569500077215,25.13236100442107],[-78.20069000026359,25.128472001510016],[-78.19985900039272,25.118194002251666],[-78.19208399937214,25.110416996398236],[-78.1795809996796,25.09180599815903],[-78.18402800066657,25.079585003834747],[-78.17569699984004,25.07013799907982],[-78.17097499960686,25.060692997735266],[-78.16902899998627,25.05180499992128],[-78.1654140003874,25.049304002235438],[-78.16597000021272,25.040696001228252],[-78.17124899997104,25.03430499983328],[-78.17180700002817,25.02291700016342],[-78.16486499990371,25.015971999443515],[-78.17013599997982,25.006804999883435],[-78.17624699999983,25.0006949999995],[-78.1723629892551,24.997082937742196],[-78.17402698506145,24.989305913386755],[-78.17097497771505,24.97624887064203],[-78.17236300418168,24.972639024281374],[-78.18763800581476,24.95569303380659],[-78.19347501587819,24.954584092315073],[-78.19708301161974,24.946527067600115],[-78.18819398007602,24.924028883852408],[-78.18402797539311,24.91819485647362],[-78.18458601098126,24.90541606412112],[-78.1923600236499,24.891527138244907],[-78.19875300343823,24.88569402010702],[-78.20014097521766,24.881249855023803],[-78.210693980355,24.868472884967158],[-78.21097600861503,24.86208305047367],[-78.21514000498449,24.85597202921695],[-78.22819502543497,24.842637149230686],[-78.24069197945013,24.843470879459105],[-78.2468040089972,24.84541805276317],[-78.2473599885112,24.8393049325917],[-78.25458500415026,24.8334700243611],[-78.25375301351433,24.820693079412496],[-78.25736300046111,24.818471002710677],[-78.26513797543467,24.805415855485368],[-78.2737500059044,24.80180603474205],[-78.27708498237111,24.79180489618828],[-78.2943039746885,24.790416850963066],[-78.28763497865789,24.779028874203973],[-78.29402999358891,24.775693962203835],[-78.30569498877541,24.77485993383139],[-78.30874699279178,24.766251957478453],[-78.31485701127558,24.76041706654286],[-78.3115320179844,24.75236010621155],[-78.30625098688542,24.746527922505962],[-78.30625101435909,24.739027084901593],[-78.31263702174742,24.734027128630597],[-78.3154150068288,24.727917040409835],[-78.32264002034184,24.72402812040234],[-78.32819400230393,24.727083013633212],[-78.33069698195798,24.71986189318437],[-78.32708000137889,24.717084008166264],[-78.3270800148394,24.7098610879331],[-78.33318998103323,24.69986088752547],[-78.34680100775941,24.70513904598598],[-78.34791598655569,24.69763792027459],[-78.35402598102817,24.69986088752547],[-78.35624601950673,24.69069411573172],[-78.35458499020991,24.684858941887594],[-78.35013598160158,24.679582890734952],[-78.35152398442939,24.673194907481243],[-78.35763601017028,24.678473060399927],[-78.3668049909972,24.691803946600178],[-78.37041497688463,24.70569486305552],[-78.374029978613,24.699306873233585],[-78.37958401627317,24.70013909644235],[-78.39152502398416,24.688194142261224],[-78.38791701675068,24.67986109942965],[-78.38207999704956,24.679304982484627],[-78.36736398614319,24.670137917660444],[-78.3801429803309,24.665415883095807],[-78.3876409861396,24.670137917660444],[-78.39597399995583,24.66597199973808],[-78.39597400334534,24.659584019889348],[-78.38903101541129,24.651527091693918],[-78.38847297922618,24.647360876357748],[-78.3976370009751,24.64486000580479],[-78.40430400123702,24.637638007367645],[-78.40819400123716,24.637638007367645],[-78.41819698283754,24.62624889771187],[-78.42513998230845,24.622360894534033],[-78.43402801180794,24.61402607043295],[-78.44374900972377,24.6134720579967],[-78.45069098057023,24.610693884098087],[-78.46180598729069,24.600694924134874],[-78.45375002440511,24.5937511457796],[-78.44985901250897,24.587084074765546],[-78.4370800018922,24.580694011317767],[-78.40791402268725,24.557362136004258],[-78.40096997689194,24.550139861380224],[-78.39430298450065,24.547916906998502],[-78.39180698343756,24.56013790071589],[-78.39291298719503,24.589027923423092],[-78.38708500151634,24.564582009087403],[-78.38680200491696,24.54458502951473],[-78.38569698053969,24.538472883127714],[-78.37930399356217,24.529027961304113],[-78.36152700378553,24.51874902277897],[-78.3526380131107,24.5123610789404],[-78.3270799934074,24.498192960247337],[-78.30652702234185,24.483194134920797],[-78.28041901998797,24.468471120890747],[-78.27680199220937,24.465138952866464],[-78.2609709938501,24.45597196275781],[-78.2498629797168,24.44680587706156],[-78.23819800346787,24.444028021027695],[-78.20708598642148,24.43375091756742],[-78.19541900127726,24.443471007749363],[-78.17569700168231,24.463193010193244],[-78.16930401840833,24.467917111500043],[-78.15291499726793,24.475973983459426],[-78.14763701435582,24.47625008691891],[-78.13486398213455,24.485969891900183],[-78.1276400195592,24.496249118261616],[-78.12319102020358,24.5054161220736],[-78.12097100264765,24.518676015981086],[-78.11182497918004,24.528626874422546],[-78.09975400149571,24.537534009016575],[-78.0845249878821,24.54471992698089],[-78.06470599654659,24.551039979196325],[-78.04803400932278,24.557649056144363],[-77.99372901613032,24.567851097126912],[-77.96872702007501,24.569574120901173],[-77.94804402172089,24.572448130816948],[-77.92102899188687,24.580925951155134],[-77.88798599189022,24.580925951155134],[-77.86125900529223,24.582073031883663],[-77.84258398075393,24.585520884056653],[-77.81672701520363,24.586959091611064],[-77.78511697991335,24.595001878997646],[-77.77075199957382,24.60333699743426],[-77.75847000173478,24.604369010445865]]],[[[-78.51958499682654,24.67235998118329],[-78.52708499578581,24.665137974999812],[-78.5237510139008,24.661806082494707],[-78.51846998954761,24.649582937903865],[-78.50986399875602,24.647916992608202],[-78.51319198572932,24.65597091525883],[-78.51264298518981,24.6629159121051],[-78.51958499682654,24.67235998118329]]],[[[-78.45097398582743,24.680416915945457],[-78.45319398157733,24.679582890734952],[-78.45430799511955,24.668471971027685],[-78.46152398519935,24.6629159121051],[-78.47291497735634,24.657639865488402],[-78.47958400974905,24.66097205789226],[-78.48319200911983,24.650139054202423],[-78.47930798447453,24.64124990765561],[-78.47235899506384,24.636249970625798],[-78.46208201375153,24.632918081868652],[-78.4534759950651,24.636249970625798],[-78.4495860039956,24.64180602377392],[-78.44208499070041,24.64263794466702],[-78.42736000504027,24.64930502997956],[-78.4265300122168,24.654307072635866],[-78.43069402445828,24.664028145292985],[-78.42930598383502,24.669583904016115],[-78.44180199995583,24.66597199973808],[-78.44985899336984,24.671528960648978],[-78.45097398582743,24.680416915945457]]],[[[-77.95625300001008,25.019028000058796],[-77.95124800000077,25.000973000005118],[-77.9462499999996,25.000138999998242],[-77.95097199995725,25.014861999752053],[-77.95625300001008,25.019028000058796]]],[[[-78.11208399894075,25.168751993947545],[-78.11541700140391,25.164029008024936],[-78.10875000053647,25.156251003069055],[-78.09680299932835,25.15680399615804],[-78.10346900134755,25.161807007705995],[-78.11208400122963,25.16430500702909],[-78.11208399894075,25.168751993947545]]],[[[-78.21541599848342,25.213750991379268],[-78.22041400014376,25.207916000818166],[-78.21458399922663,25.20624999560145],[-78.21541599848342,25.213750991379268]]],[[[-78.13375000019315,25.245417001096772],[-78.14208200075899,25.242917004308726],[-78.14069400155323,25.239585008819407],[-78.1323620001204,25.238751000684395],[-78.13375000019315,25.245417001096772]]],[[[-78.12958599996622,25.268472999809344],[-78.13430799864987,25.264862992350512],[-78.13180600016733,25.259582000948857],[-78.11902699894134,25.2565279939963],[-78.12236099878461,25.26375099311231],[-78.12958599996622,25.268472999809344]]],[[[-78.12486400004293,25.300693000243093],[-78.12708300136109,25.296807007692284],[-78.14347000113712,25.292639006427258],[-78.12735700100839,25.28986300570221],[-78.12930300010606,25.284584000600262],[-78.13430799846664,25.285137991327037],[-78.13402600026672,25.27625200150997],[-78.12486400124135,25.274027007029066],[-78.11846799950423,25.275692997193566],[-78.11264099845374,25.282361991249868],[-78.11902699959472,25.294860997709048],[-78.12486400004293,25.300693000243093]]],[[[-78.13819199769333,25.330973987003933],[-78.14180699669092,25.322916981344452],[-78.13764300150409,25.317638008484206],[-78.13819199990421,25.30736199945972],[-78.13541399954961,25.304305997457192],[-78.13735999979268,25.297916998829415],[-78.12764000004292,25.300693000243093],[-78.1290280002961,25.310138001671625],[-78.13319400286593,25.31597201616899],[-78.13819199769333,25.330973987003933]]]]},"properties":{"source":"https://simplemaps.com","id":"BSNS","name":"North Andros"},"id":23},
{"type":"Feature","geometry":{"type":"MultiPolygon","coordinates":[[[[-76.24494999993183,25.214304999602707],[-76.25875100077941,25.22069300454234],[-76.26875399863337,25.229583992044446],[-76.27569600146902,25.239861008544565],[-76.28485800031363,25.244861001823416],[-76.29319699914866,25.255415995056754],[-76.30319200151105,25.26152800877018],[-76.30596999861086,25.265694991941523],[-76.31874899855988,25.278473991655968],[-76.3220829985022,25.285137991327037],[-76.32930800113141,25.293195006547023],[-76.33125199995507,25.299860999740492],[-76.34097300126784,25.305140007327715],[-76.34680299863668,25.324026992134538],[-76.35291299690869,25.334027982180917],[-76.3679190024045,25.349583013840178],[-76.37458099827995,25.35180499010298],[-76.37958599813257,25.346526989250815],[-76.38097400055854,25.34125000321658],[-76.3881920029371,25.33819401691771],[-76.3990250009836,25.337084005665712],[-76.41819700254024,25.336806014627644],[-76.42903200293874,25.33819401691771],[-76.44097199679219,25.342362981543463],[-76.45014100002813,25.34736100016236],[-76.46346899856378,25.35708299174942],[-76.47013800056384,25.36013800323835],[-76.47708000239001,25.360696013724745],[-76.48513700000514,25.366806000029708],[-76.49708700061105,25.368194003505884],[-76.5048610017567,25.37263901007418],[-76.51902799904467,25.377360994525382],[-76.52958699920066,25.38430499542318],[-76.5426399997364,25.39597199849295],[-76.55430699884444,25.40958299339857],[-76.5681909992903,25.42152799595059],[-76.57791899977589,25.424581998722292],[-76.59986199997836,25.435138999877125],[-76.60874800013768,25.44291800078423],[-76.61347299824014,25.449862989987956],[-76.62014000307154,25.466250017450825],[-76.62597000094168,25.457083005354146],[-76.63486499834308,25.455972990581092],[-76.64152500212808,25.458471012094787],[-76.64958100078319,25.46458300444892],[-76.6631919990181,25.484306994433293],[-76.66319200277549,25.493193015724177],[-76.6668090009005,25.49875000509943],[-76.66735900323894,25.508195018325786],[-76.67208100187096,25.508473010585824],[-76.68152600330203,25.512917018672233],[-76.68569200233725,25.50652601322325],[-76.68514300227862,25.498472012899903],[-76.69458099978003,25.49763799875535],[-76.70541299697675,25.50458198289815],[-76.70625199789015,25.51097298807173],[-76.70180500072541,25.515139004100366],[-76.70735999988347,25.520414999342442],[-76.70207899824868,25.5365269901194],[-76.70708400013142,25.54236100074145],[-76.68708000313379,25.543471017674875],[-76.67569799871356,25.551527992748728],[-76.68707999822131,25.556527989979394],[-76.70986199767054,25.562084986886294],[-76.72180299672192,25.5626389815499],[-76.72541699716325,25.559028984029585],[-76.73874599863896,25.558193992338968],[-76.7362520026998,25.550694015208215],[-76.7287520021415,25.545415012069505],[-76.72458500248604,25.540139014018923],[-76.72736400210717,25.523196011898296],[-76.73652599796759,25.507916988511084],[-76.74402599820137,25.500971989827587],[-76.75263899942095,25.48125099672047],[-76.76208400307725,25.466250017450825],[-76.76208399859355,25.456248992018523],[-76.76430599685662,25.44708198214697],[-76.76902899876048,25.43569299295394],[-76.77902900247858,25.423750014102303],[-76.79208400171296,25.406249009759062],[-76.79902699704131,25.398472983135658],[-76.80236100202583,25.38819601155754],[-76.81346899988648,25.37569499935253],[-76.81735999861777,25.36735999210284],[-76.84041600326336,25.33930601868458],[-76.84180400059716,25.335696003420477],[-76.8515239967456,25.322916981344452],[-76.85541499876446,25.31097199291145],[-76.84347400142084,25.32180700814709],[-76.82791899987879,25.34430399930641],[-76.80763899742256,25.364583985268887],[-76.79985799960374,25.371528997736718],[-76.79985800176416,25.379583010072402],[-76.79513600300356,25.38208301714556],[-76.78874999845338,25.390693991177415],[-76.78624699785782,25.402638987791786],[-76.77986100171275,25.406249009759062],[-76.77874699995238,25.412639999729222],[-76.77263600051559,25.418472002935115],[-76.74764299748648,25.434028985706217],[-76.73180299986899,25.440415999255862],[-76.71430200091518,25.445972005201984],[-76.69958600203462,25.44736001156549],[-76.67069300107438,25.439862006113557],[-76.6556939999784,25.435138999877125],[-76.6437540028665,25.43458301632384],[-76.61680500107354,25.439862006113557],[-76.60874800107347,25.439862006113557],[-76.60319400326212,25.436252018583623],[-76.59124700271337,25.41930601548201],[-76.5898589977802,25.411805987326535],[-76.58208499999887,25.40347299999377],[-76.57236399768503,25.399584986767415],[-76.56819100192249,25.3940280109959],[-76.55791500276958,25.38958401584856],[-76.5323629996052,25.371528997736718],[-76.52874799802271,25.365971988658956],[-76.52014200156198,25.362638008963373],[-76.51486200162954,25.35652700935626],[-76.49153199756506,25.344862986002703],[-76.48402499943836,25.342915996770635],[-76.4773630022933,25.34930701318145],[-76.46791799694034,25.347916982410332],[-76.46485999756597,25.344862986002703],[-76.4548630028691,25.343472016503735],[-76.44846999952554,25.33763799726962],[-76.43430300059394,25.335696003420477],[-76.43069500191919,25.331249011054812],[-76.41263600009255,25.33041500053343],[-76.38652800243672,25.330140014045465],[-76.37403199793461,25.32819298809229],[-76.36152599676633,25.322916981344452],[-76.3493049985702,25.30958399174137],[-76.3462530016186,25.307916009352745],[-76.34236099976285,25.2973609986288],[-76.33763799947829,25.292360996981934],[-76.3354180001159,25.282084000671517],[-76.31986300141244,25.270971008189306],[-76.3176409986107,25.265694991941523],[-76.31764099907855,25.255695994650853],[-76.29680499847353,25.245970991128928],[-76.29458500161171,25.23930500937295],[-76.28541699882213,25.234581993147415],[-76.27902999916363,25.2279159951308],[-76.27597000037831,25.22180500220416],[-76.27124700004934,25.21819500028818],[-76.26403100068883,25.216527004015123],[-76.26264100047086,25.212917002746057],[-76.25569200081361,25.210138004745662],[-76.257918999246,25.20624999560145],[-76.24842199950844,25.202083997131616],[-76.24494999993183,25.214304999602707]]],[[[-76.63486500108148,25.523750006114142],[-76.63819000087611,25.522084004953523],[-76.63819000323768,25.508195018325786],[-76.64041899697921,25.50458198289815],[-76.63596999834019,25.49458399059482],[-76.63819000000336,25.49041700001958],[-76.63375100175476,25.485417009951842],[-76.6334679987902,25.477915993135507],[-76.62763999776662,25.47680398732455],[-76.63069199926295,25.486248995820517],[-76.63236299938897,25.512360996542892],[-76.63486500108148,25.523750006114142]]]]},"properties":{"source":"https://simplemaps.com","id":"BSNE","name":"North Eleuthera"},"id":24},
{"type":"Feature","geometry":{"type":"MultiPolygon","coordinates":[[[[-75.70430799748925,22.17736098172208],[-75.70292000797537,22.17236105807631],[-75.71124999848995,22.172916989005678],[-75.71485999425865,22.17097295819577],[-75.71208200804412,22.158194058610338],[-75.70402500967461,22.159306070494413],[-75.69847100490382,22.15041703574972],[-75.68930899540966,22.150972966532972],[-75.69457999462196,22.159583960809528],[-75.69819700967386,22.159306070494413],[-75.69875300616337,22.16986004488989],[-75.70430799748925,22.17736098172208]]],[[[-75.73596900489949,22.233195035555234],[-75.74236200045338,22.231251003290478],[-75.73847200874697,22.225139063499896],[-75.73708400736358,22.218194053476143],[-75.74153000681123,22.20680504948983],[-75.75291499931059,22.209861994992846],[-75.7487479914099,22.195693937557557],[-75.74402600967525,22.196251070333847],[-75.74402599707636,22.185971978736944],[-75.73847199157807,22.174304938707845],[-75.7334739984894,22.172916989005678],[-75.72931000697491,22.176805050762756],[-75.72013800306503,22.177639022308625],[-75.71125000014918,22.17402900108664],[-75.7115259944821,22.185139959849696],[-75.71541599188119,22.188471940936406],[-75.71653099828015,22.19430598749253],[-75.72458700121132,22.20652700880347],[-75.72985899049633,22.208748930944274],[-75.73596900489949,22.233195035555234]]],[[[-75.7526389934668,22.27208395269315],[-75.75375300932086,22.26569306751448],[-75.75041899747653,22.260972981716918],[-75.75208299037389,22.255138930236562],[-75.74986300768589,22.25152905571429],[-75.7498629907461,22.2376399328734],[-75.73986001029819,22.239306074706416],[-75.7459719971202,22.25375097912695],[-75.7473600077636,22.269028056229942],[-75.7526389934668,22.27208395269315]]],[[[-75.76958400354913,22.305417025650925],[-75.77569499834874,22.30208398806528],[-75.7884760058558,22.30041604232184],[-75.7812490068809,22.294306049750915],[-75.77041600687991,22.294306049750915],[-75.76958400354913,22.305417025650925]]],[[[-75.76457900733713,22.324028052979948],[-75.76680800809235,22.317918058450413],[-75.7620860045951,22.31263903320148],[-75.76513799885181,22.307916991702907],[-75.7595830068113,22.303194049239192],[-75.76097099896407,22.28708299250588],[-75.75846899597207,22.277359970844383],[-75.7501360057995,22.281251041977352],[-75.75569100687864,22.294306049750915],[-75.76097099116136,22.32152793616745],[-75.76457900733713,22.324028052979948]]],[[[-75.81874799680578,22.39486097703721],[-75.82430200835721,22.39069306008947],[-75.82208199612063,22.38263797209467],[-75.82347199827872,22.377639987615595],[-75.82041999483049,22.37374996279616],[-75.81791799021555,22.36402692954499],[-75.81097300421241,22.357916030345123],[-75.81180499028302,22.351803929981124],[-75.8095849992872,22.345417994862355],[-75.80374900407234,22.34124902936442],[-75.79792100580379,22.354584041823955],[-75.80486300689837,22.360417049692302],[-75.81625400540018,22.380696038852637],[-75.81625399671984,22.38875097641066],[-75.81874799680578,22.39486097703721]]],[[[-75.83013899354381,22.445694953718288],[-75.8354190033942,22.443473024333365],[-75.83180199328022,22.436249951805753],[-75.83180199267706,22.43013994746278],[-75.83569300370405,22.422917026583598],[-75.82958299491881,22.421806963528606],[-75.82707999099262,22.42569293535848],[-75.82708000434504,22.438472031161414],[-75.83013899354381,22.445694953718288]]],[[[-75.83318999706013,22.455971978938678],[-75.83958299799595,22.4526399856416],[-75.83819500820043,22.447083058775362],[-75.83208499885308,22.447638991779506],[-75.83318999706013,22.455971978938678]]],[[[-75.84180599626568,22.481805973286907],[-75.8454130026459,22.47708301893189],[-75.84597000963609,22.4626380690008],[-75.84041499536643,22.459583966813568],[-75.83541899262437,22.460137947172235],[-75.83374900311578,22.46736102230906],[-75.84180599626568,22.481805973286907]]],[[[-75.87374801023583,22.89597007147132],[-75.8698569998979,22.89069399928721],[-75.86792001157669,22.879029080923225],[-75.86235898160821,22.879304871431398],[-75.8623590026653,22.885694018624957],[-75.87374801023583,22.89597007147132]]],[[[-75.70097300145719,23.038195010109078],[-75.70986200580609,23.036807040276763],[-75.72041398805085,23.01874991702733],[-75.70097300145719,23.038195010109078]]]]},"properties":{"source":"https://simplemaps.com","id":"BSRI","name":"Ragged Island"},"id":25},
{"type":"Feature","geometry":{"type":"MultiPolygon","coordinates":[[[[-74.83763898138756,23.712527875214892],[-74.84402500722261,23.708749048432395],[-74.85346997813194,23.707916853370115],[-74.86374601065481,23.703751071454786],[-74.87124699887599,23.698193992460023],[-74.89652901501482,23.696528100702533],[-74.9009720180022,23.692084120770442],[-74.91846401503047,23.68984110082699],[-74.92291300851747,23.683471057159974],[-74.93486001367474,23.677085091796677],[-74.94488599197287,23.677122946123124],[-74.95069100376838,23.67014002530453],[-74.94625101621048,23.653749108983686],[-74.93985801888266,23.650973126985157],[-74.932639985521,23.655138902650137],[-74.92041701434539,23.65597109646261],[-74.91540500512802,23.658507034478667],[-74.89958101380962,23.656805092880536],[-74.89680501619975,23.653749108983686],[-74.87486199440094,23.660756962340763],[-74.86624899691338,23.65930497923489],[-74.85958001752324,23.652361117957323],[-74.85180598795299,23.652082918896653],[-74.83868497824798,23.645971853470275],[-74.83317598299477,23.640973885396793],[-74.83319001772544,23.635140119507813],[-74.82458398618832,23.637083906882825],[-74.80819699273869,23.646527951067323],[-74.80319198741485,23.65291691522328],[-74.79819398930438,23.65069492793538],[-74.79736399510764,23.661526967061842],[-74.7923659921691,23.67468494732366],[-74.79321401997274,23.68408213426018],[-74.79229799365203,23.69628895736569],[-74.79486199496125,23.704025966178534],[-74.80291900753136,23.709029050530035],[-74.81986200652946,23.710417043794095],[-74.8293089931869,23.707638954301387],[-74.83041399048732,23.712082936215584],[-74.83763898138756,23.712527875214892]]],[[[-75.12235998768655,23.85668991862147],[-75.11898898439925,23.853758896868907],[-75.12041598599097,23.844322907328102],[-75.12513798232133,23.840694883028938],[-75.12986098235557,23.83347188320065],[-75.12735801338805,23.824862088684114],[-75.1218559922146,23.819831948406406],[-75.1151350150962,23.80902810013159],[-75.109376013858,23.811524091909508],[-75.11039699959075,23.819587997287552],[-75.10597299788226,23.829583985973198],[-75.101250997709,23.83180598482753],[-75.09569598241445,23.838472883579776],[-75.09603801243223,23.842361082280966],[-75.10291201270199,23.846251084034506],[-75.1093070127031,23.846251084034506],[-75.11041299175689,23.85351494550067],[-75.11792001279551,23.854028084587682],[-75.12235998768655,23.85668991862147]]]]},"properties":{"source":"https://simplemaps.com","id":"BSRC","name":"Rum Cay"},"id":26},
{"type":"Feature","geometry":{"type":"Polygon","coordinates":[[[-74.45735799666299,24.13124997820719],[-74.4581899863002,24.123749910478374],[-74.46125099783092,24.12069598582355],[-74.47458599823437,24.121249988462953],[-74.47985802238748,24.116527146332366],[-74.48652702199804,24.115973143779804],[-74.50597499782958,24.12069598582355],[-74.51403098435847,24.110970897765178],[-74.51930299505283,24.1073599676585],[-74.5206909864467,24.10013991134846],[-74.52958599841102,24.08486098959587],[-74.52652799105746,24.07847194141406],[-74.53930699398391,24.067083960558996],[-74.53819199666924,24.055138978143415],[-74.53291402227966,24.05041614626457],[-74.52791599911576,24.042359994191834],[-74.52514000699107,24.03430504595715],[-74.52458100795134,24.017916052335885],[-74.53875097949447,24.000694864884142],[-74.53957998977769,23.994027932609562],[-74.54458498459194,23.986527898371794],[-74.5468050082266,23.97597305430319],[-74.55124700243454,23.96652801608115],[-74.55902801317588,23.95902708706989],[-74.56014298041944,23.95430487056314],[-74.56874899218225,23.94736094830017],[-74.56847299013099,23.943193934713996],[-74.56236300464462,23.94152803073227],[-74.54264099428954,23.951804962235443],[-74.53236499537807,23.954026969435436],[-74.52541297990949,23.952916867116965],[-74.52097399218728,23.94736094830017],[-74.51597502215748,23.94625114664737],[-74.48902899219063,23.94736094830017],[-74.4856949782876,23.94986085627937],[-74.48847299590845,23.955414972929994],[-74.4865270049474,23.970972032696217],[-74.48930300624221,23.972917041246],[-74.48513898321255,23.985136889173933],[-74.48180400024745,23.987084001634162],[-74.47680598027696,24.00152886994059],[-74.46986401675647,24.009861110438546],[-74.46514201418373,24.006251093514177],[-74.47069599213627,23.997637948125238],[-74.47513600625702,23.99597204127983],[-74.47958400243401,23.99014001606394],[-74.48347497903143,23.978470861498455],[-74.48708299065049,23.97263793822],[-74.48486300366483,23.96930402422353],[-74.48569501615059,23.96402810679212],[-74.47930901612415,23.96458210662237],[-74.47597400558801,23.972360036931754],[-74.47652401093806,23.9804170722453],[-74.47208400175487,23.989860011583595],[-74.46736100545631,23.994584036004582],[-74.45819000551136,23.995138036371152],[-74.4556970184691,24.012083121728846],[-74.45153097809998,24.018471855721334],[-74.44375000879808,24.035973057891983],[-74.43708099297332,24.035416953758922],[-74.43597299986982,24.04263999914377],[-74.44097101591123,24.04375010463806],[-74.4409710073404,24.050694048247564],[-74.43541700338544,24.06180502223543],[-74.42874801805512,24.06097311860087],[-74.42903099528992,24.0684719690791],[-74.43486098248269,24.07041788502584],[-74.43597299383208,24.081247959551156],[-74.44125399866955,24.09763999128693],[-74.44125400407934,24.102084026707676],[-74.44847201625262,24.11152910631839],[-74.44930198333849,24.121527891092324],[-74.45680200289662,24.124860018927006],[-74.45735799666299,24.13124997820719]]]},"properties":{"source":"https://simplemaps.com","id":"BSSS","name":"San Salvador"},"id":27},
{"type":"Feature","geometry":{"type":"MultiPolygon","coordinates":[[[[-77.2043069981991,26.257033990475037],[-77.21042000180451,26.24986000954949],[-77.21847600649029,26.24791803434804],[-77.2214959931352,26.239074963647358],[-77.22763900587596,26.233195031129434],[-77.23370299860034,26.22351099258058],[-77.23625099454854,26.216526971086],[-77.24346900471271,26.209029025008867],[-77.2243039998013,26.2015279989453],[-77.22264000454166,26.194028024136248],[-77.22374800633865,26.184029033712036],[-77.21791799759858,26.178472987222214],[-77.23069700349143,26.169584018588736],[-77.2359690009438,26.15930500502927],[-77.23097300013615,26.157361000726144],[-77.21319599750449,26.160138986701277],[-77.20708500013613,26.157361000726144],[-77.20430699488884,26.149859972736905],[-77.21347099470667,26.143471971754348],[-77.21958200574393,26.13541503066821],[-77.23124600208544,26.12986101113838],[-77.236527003224,26.12958301721798],[-77.24957999643233,26.115971980929793],[-77.25930699330571,26.11458396421736],[-77.25378500420416,26.10931402248421],[-77.26235900387553,26.10013902073922],[-77.26374899470835,26.096290971676137],[-77.27903099415953,26.09152796873233],[-77.28208300479635,26.09236202567581],[-77.29319799668161,26.088749982234273],[-77.29980499561078,26.077697976482828],[-77.30902899687547,26.07013798325077],[-77.32291299687496,26.07013798325077],[-77.32791800164111,26.06680400879818],[-77.3292860043284,26.057922023219852],[-77.3389900036241,26.050720019450356],[-77.35070700623936,26.048523033487584],[-77.35458399941432,26.040137996855048],[-77.36402899853952,26.03819399215715],[-77.3659749979193,26.034027988822483],[-77.35710300137204,26.030905007374013],[-77.3562480055705,26.02458302995266],[-77.37680799841014,26.013193991446272],[-77.39402699980225,26.010693998936468],[-77.39125100634901,26.01791703414087],[-77.39069499993988,26.02597299967724],[-77.39646100331046,26.02598501778889],[-77.40097099533124,26.030136974922232],[-77.40069599589172,26.015971977908144],[-77.40569399384842,26.005695966895427],[-77.40513500354962,25.997917019114695],[-77.37512100069794,25.991271003762417],[-77.36541699764732,25.986249987313027],[-77.35680399688789,25.98573298321471],[-77.35430800664001,25.99069503580074],[-77.34791500354697,25.99124801912545],[-77.33538900040878,25.987670002205522],[-77.32597399627632,25.98013997989965],[-77.31097499515042,25.980417973817318],[-77.30569399906652,25.983749994961688],[-77.29571599322365,25.977905963399564],[-77.28786499524949,25.980998974345805],[-77.28180700604342,25.972361032662526],[-77.27597000258702,25.96013801399672],[-77.27874800238843,25.947694012934786],[-77.28125099655448,25.944304981336607],[-77.28097499460407,25.9362509707527],[-77.27838100143914,25.929871007805197],[-77.28375300596298,25.920695032360978],[-77.27649000393463,25.920472021355874],[-77.26902800273672,25.91597101486108],[-77.26235899760044,25.9087509869624],[-77.25594300415669,25.904593022595765],[-77.24819200148094,25.895971008056858],[-77.2437519958619,25.886806977470453],[-77.23291699567457,25.869861976414427],[-77.22429699415424,25.8595829680947],[-77.22013800253356,25.848194013842008],[-77.21069300259904,25.84402801420622],[-77.19457999963292,25.850971997994478],[-77.18795000500019,25.85736502730862],[-77.1815640019833,25.860408010830085],[-77.18511900604598,25.871277032984356],[-77.1848750003078,25.886292001677667],[-77.18180700630022,25.888471034325555],[-77.18319800034195,25.89624900186244],[-77.18041899491524,25.908508972341604],[-77.17986299513083,25.922082973543354],[-77.18180700233536,25.935416012676196],[-77.18212199508048,25.94680497332353],[-77.1893080058407,25.9659730316207],[-77.19014000460722,25.974861024924795],[-77.18903500663568,25.999305035829213],[-77.19180399989322,26.000972999424196],[-77.1915739968221,26.01731898286682],[-77.19652600042579,26.031250002293653],[-77.19541800525951,26.054027028272653],[-77.18374699512184,26.075970973819853],[-77.17986999541345,26.093688975418267],[-77.17874900501573,26.107293026854276],[-77.1793049972887,26.117915985496616],[-77.18291499841328,26.124306991517127],[-77.18458599895861,26.14458199444141],[-77.17680500094312,26.15930500502927],[-77.18041899513473,26.168193974077713],[-77.1809689947919,26.179076972275134],[-77.17930499578917,26.19485997761157],[-77.1751410041255,26.196250021934244],[-77.1784750035792,26.204860019016273],[-77.16980100132538,26.214294007037388],[-77.16985999875028,26.21763699336651],[-77.1615300065266,26.23513903459984],[-77.15291699702678,26.246805984251395],[-77.14624799646313,26.249027981267073],[-77.1215290080669,26.273750042658655],[-77.11573798757996,26.281313934356582],[-77.13128599048831,26.28228694974178],[-77.14967399990044,26.2788339994746],[-77.18074099565075,26.26859397700994],[-77.2043069981991,26.257033990475037]]],[[[-77.53013700394638,26.108749021030814],[-77.53930599793662,26.103750989001618],[-77.54013799987592,26.096806999338394],[-77.547080004551,26.09458402427513],[-77.54404399894027,26.0881939943448],[-77.53986400646602,26.08764003451127],[-77.53013700349537,26.07736101867397],[-77.52180400272954,26.084027014576368],[-77.5221479941878,26.091776968981687],[-77.53013700394638,26.108749021030814]]]]},"properties":{"source":"https://simplemaps.com","id":"BSSO","name":"South Abaco"},"id":28},
{"type":"Feature","geometry":{"type":"MultiPolygon","coordinates":[[[[-77.65152801000819,23.662083064902422],[-77.6495820156799,23.655417101734734],[-77.64402798063975,23.660416874424005],[-77.65152801000819,23.662083064902422]]],[[[-77.69041500803668,23.664862052081105],[-77.68875101432396,23.656805092880536],[-77.69764001818753,23.652361117957323],[-77.69513700725425,23.64680404706823],[-77.68458501296743,23.65819308408063],[-77.69041500803668,23.664862052081105]]],[[[-77.75791800838681,23.684305054227593],[-77.76180201466963,23.676251094900284],[-77.75624801700032,23.672638110014496],[-77.75791800838681,23.684305054227593]]],[[[-77.72985701670902,23.695140107991378],[-77.73847298783949,23.69180592139649],[-77.73930500883773,23.683471057159974],[-77.73402400793445,23.685139051315037],[-77.72985701670902,23.695140107991378]]],[[[-77.61985701556075,23.696528100702533],[-77.6229180175135,23.693472113360315],[-77.61819402139913,23.688474138569198],[-77.61513500190252,23.693750012316183],[-77.61985701556075,23.696528100702533]]],[[[-77.71958101506965,23.722360097218214],[-77.72125101733805,23.71875011187907],[-77.71514100782456,23.709029050530035],[-77.7215269988332,23.698193992460023],[-77.72152701753576,23.693472113360315],[-77.73013998833136,23.690414924559903],[-77.73291799230043,23.685416950204825],[-77.72680599664936,23.67874797831872],[-77.73513800009852,23.674304000638006],[-77.72291501699299,23.672638110014496],[-77.71291400958252,23.682917062000648],[-77.70347601125259,23.680695072826804],[-77.7009739911165,23.686804942530625],[-77.70486397910874,23.704860865030437],[-77.70903100855149,23.707361055234898],[-77.71958101506965,23.722360097218214]]],[[[-77.67847401379794,23.724582089047225],[-77.67597200437632,23.714027028266006],[-77.67041801067603,23.7045850690059],[-77.664581022752,23.70930514702123],[-77.67208098841681,23.715138925189997],[-77.67847401379794,23.724582089047225]]],[[[-77.81485799542511,23.730137970539513],[-77.81124801508749,23.722360097218214],[-77.80764001416658,23.724862091272684],[-77.81485799542511,23.730137970539513]]],[[[-77.80819601897507,23.746250122061692],[-77.81236200438292,23.744306028196625],[-77.80124697836047,23.734028860662992],[-77.79819502325014,23.736805149683835],[-77.80819601897507,23.746250122061692]]],[[[-77.82875097965979,23.76569286937722],[-77.8345859819635,23.76069488413818],[-77.8290250150007,23.75513809640771],[-77.81958001518898,23.754304097635174],[-77.81236201416279,23.757917091023664],[-77.82875097965979,23.76569286937722]]],[[[-77.73735802123413,23.781804136364176],[-77.74263700611827,23.78152803928963],[-77.73513800981804,23.769027063111714],[-77.74180700901948,23.771249057964297],[-77.7448590121918,23.763195078393725],[-77.74430899852274,23.758194990497696],[-77.74874901594592,23.7529161026049],[-77.76264300031679,23.75319400203826],[-77.77180498141807,23.761248880542347],[-77.77930598037605,23.76430487388388],[-77.78069397883402,23.76791486401205],[-77.78791801050403,23.767639067482428],[-77.79041201324755,23.760139085151682],[-77.78180601575758,23.75375010134361],[-77.77986198710106,23.747359917001763],[-77.77375100454448,23.74291502925395],[-77.75430399311429,23.735138955640117],[-77.74263699197361,23.73736094829186],[-77.73596997686425,23.735970850925224],[-77.72152702322727,23.736805149683835],[-77.7184749783834,23.734028860662992],[-77.70819199428146,23.73291696313173],[-77.69542000936389,23.73430706037514],[-77.68958299451877,23.731525964649475],[-77.67624797981543,23.73041586978867],[-77.67097401571377,23.721806101440972],[-77.66291700504974,23.713473032621938],[-77.66319300642381,23.71125104150495],[-77.65069600997813,23.705139064508394],[-77.63874901067165,23.7045850690059],[-77.6318049929317,23.707638954301387],[-77.63652702100502,23.712361135751287],[-77.64208099913411,23.723471994409564],[-77.64264000962561,23.733473062108693],[-77.63541499543561,23.730137970539513],[-77.63375100708667,23.738751045714682],[-77.6356970059848,23.740973038599712],[-77.65041400598595,23.740973038599712],[-77.65541898952917,23.74263893249428],[-77.65625101395833,23.758751089884406],[-77.65819498127976,23.76208287948451],[-77.66569498095643,23.76375087743003],[-77.66930298200188,23.76069488413818],[-77.68208199778499,23.75958298574235],[-77.68708000901317,23.771249057964297],[-77.6951369780479,23.771527858843022],[-77.69791299672598,23.76263897893459],[-77.71208298182435,23.761528883066767],[-77.71652900836051,23.772637053740947],[-77.72430299223886,23.774859950125663],[-77.72430302233764,23.779862143495862],[-77.73319199128868,23.778749944041273],[-77.73735802123413,23.781804136364176]]],[[[-77.76985898763901,23.791804920710447],[-77.77263698872167,23.789028927642672],[-77.78652998823064,23.789582924509382],[-77.78430102057864,23.784026132053768],[-77.77764200561928,23.784307036062213],[-77.7748639913856,23.777915944690307],[-77.78236399275883,23.774305953499873],[-77.77569497855748,23.76958286224322],[-77.77486398108908,23.76291687844707],[-77.76958501148866,23.76458307384186],[-77.74708498142392,23.761248880542347],[-77.74764197938644,23.767360867499463],[-77.75847000902145,23.771249057964297],[-77.75514197701807,23.7754178523767],[-77.75486002115393,23.78263813581089],[-77.75902600447847,23.78708302874195],[-77.76791500441335,23.787917028318823],[-77.76985898763901,23.791804920710447]]],[[[-77.81208001885746,23.792083120894105],[-77.82041898877705,23.78819492803832],[-77.82041899138055,23.777915944690307],[-77.80708400562149,23.784307036062213],[-77.81208001885746,23.792083120894105]]],[[[-77.66014100321448,23.792361020647924],[-77.66819801935395,23.790695124320244],[-77.6693030044078,23.787917028318823],[-77.67430801990469,23.786248127889298],[-77.66458102190393,23.779582140820455],[-77.65930199059387,23.78097193953044],[-77.66014100321448,23.792361020647924]]],[[[-77.80764001562069,23.808194100031514],[-77.81652800085222,23.80486200545831],[-77.81903098647865,23.797082913355368],[-77.8101420172565,23.797915110586253],[-77.80680800282197,23.795974018087946],[-77.79846901725386,23.797915110586253],[-77.79513598828962,23.788748924891365],[-77.78986301774717,23.796527113772157],[-77.79569300133157,23.800972008533464],[-77.8006979856982,23.801249908360624],[-77.80764001562069,23.808194100031514]]],[[[-77.68597498223451,23.825971886205256],[-77.68985599781082,23.822914985975732],[-77.70152999843255,23.81930498995734],[-77.73291798293573,23.82125089072533],[-77.72541799911477,23.81569499432918],[-77.72652498353895,23.811525894503543],[-77.74291898380805,23.81291689626125],[-77.74624701436082,23.81680509197792],[-77.75597399907303,23.81486099406308],[-77.75958199985796,23.81208499909079],[-77.76319200085206,23.80402800546181],[-77.7537540013186,23.80180600845409],[-77.7479170028198,23.795974018087946],[-77.74319498599732,23.79847091019236],[-77.73486201723983,23.797915110586253],[-77.7287519871176,23.793192917330007],[-77.72097101874743,23.79375112031562],[-77.7223590044108,23.787917028318823],[-77.71375299149702,23.77708194535986],[-77.70680197726574,23.77374985385914],[-77.70486401035326,23.768473066581024],[-77.69180299212897,23.77569394940149],[-77.68152602324552,23.775972149452674],[-77.67708600994814,23.76819306399953],[-77.67152298040328,23.76430487388388],[-77.67208099129549,23.778749944041273],[-77.6818090219088,23.779582140820455],[-77.68180898886264,23.787360928454575],[-77.67236400447348,23.78708302874195],[-77.67152301935486,23.790695124320244],[-77.66374898712829,23.793192917330007],[-77.65319898713001,23.793192917330007],[-77.6518019852514,23.803471905331573],[-77.65430398437069,23.80791589971459],[-77.65319901471706,23.815417094382312],[-77.65625101439417,23.81763909229253],[-77.66458101434579,23.81680509197792],[-77.679029998792,23.81791699225788],[-77.68180901503642,23.812361096415913],[-77.6898560154401,23.81097309900465],[-77.6926410146452,23.81374909388474],[-77.68374599843287,23.81930498995734],[-77.68597498223451,23.825971886205256]]],[[[-77.77347601324263,23.827638084718735],[-77.7834699990727,23.81486099406308],[-77.79152601509034,23.813195096619697],[-77.80014101470354,23.81458309412311],[-77.79680699996348,23.806803999766768],[-77.78930600040347,23.805416002585588],[-77.7806939835274,23.811525894503543],[-77.76847098353002,23.811525894503543],[-77.76235999956688,23.809859997226123],[-77.76041399874063,23.817082991936353],[-77.7706899831153,23.817360891897085],[-77.76958498258817,23.822638888563397],[-77.77347601324263,23.827638084718735]]],[[[-77.75291601286777,23.832082082315853],[-77.75930801372128,23.827918087794828],[-77.75874999808087,23.82069298771447],[-77.75402801383335,23.822083088556372],[-77.7470849820934,23.829027885417812],[-77.75291601286777,23.832082082315853]]],[[[-77.75680599709816,23.83763798144559],[-77.77847399773516,23.832639985517496],[-77.78819201272263,23.834304081337166],[-77.79180901343366,23.829306085910595],[-77.79846901304951,23.829860083443098],[-77.80263498258071,23.822638888563397],[-77.78402799814445,23.821526988126177],[-77.77958598179671,23.83041588357989],[-77.76708301297997,23.832916083012766],[-77.75875001324818,23.831528084746342],[-77.75680599709816,23.83763798144559]]],[[[-77.57847499741634,23.838194983442815],[-77.59124701414837,23.823474090753518],[-77.60402601402556,23.819027089980427],[-77.59708398356626,23.811525894503543],[-77.60569698395592,23.809303896999214],[-77.61736401644644,23.80375010561168],[-77.61930799998721,23.80847199991847],[-77.62986001583899,23.809585101650892],[-77.63791700180518,23.79958401159328],[-77.64708601771457,23.796527113772157],[-77.65541900440697,23.787917028318823],[-77.65208402054358,23.784026132053768],[-77.65819499288881,23.773471954258163],[-77.65541900900946,23.771249057964297],[-77.65541898589274,23.75041590910148],[-77.6493080187166,23.747084120638103],[-77.64097601849804,23.747918119234807],[-77.63153098876572,23.74458392756018],[-77.62624999312568,23.735138955640117],[-77.62680901225497,23.72763807912426],[-77.62986001633685,23.720138105531845],[-77.62708200574168,23.71180503711359],[-77.62347400749077,23.708749048432395],[-77.6159739897847,23.712916933966426],[-77.60986302099782,23.712361135751287],[-77.60124998742185,23.716526918698225],[-77.6076370122519,23.72763807912426],[-77.6031949954725,23.73069497076653],[-77.59903101318542,23.726250085170605],[-77.60041900138563,23.719862008954497],[-77.5768040173059,23.71875011187907],[-77.56153197984518,23.73041586978867],[-77.54985798795416,23.74597192225289],[-77.54569201401006,23.757360090354958],[-77.53375202237801,23.779028144117532],[-77.52930501926862,23.79152912398634],[-77.53485898772799,23.790970921037506],[-77.54152600180302,23.79958401159328],[-77.55291700040065,23.80458200257533],[-77.55652699998726,23.80847199991847],[-77.57180901407828,23.819861090350503],[-77.57541598257696,23.824583888228453],[-77.57347001321668,23.831528084746342],[-77.57847499741634,23.838194983442815]]],[[[-77.7029179968688,23.839025979967413],[-77.69596901313324,23.830694084084264],[-77.69374899721902,23.835415982201205],[-77.7029179968688,23.839025979967413]]],[[[-77.7284699813518,23.841248880751458],[-77.74375101320534,23.834584084469363],[-77.73652599773636,23.832639985517496],[-77.72597601335019,23.832362085429363],[-77.7284699813518,23.841248880751458]]],[[[-77.5040289816343,23.84736088227079],[-77.50986398130767,23.845692880171214],[-77.51374799759573,23.834861984576087],[-77.5129159823577,23.82680588674902],[-77.50680498196158,23.831249884234996],[-77.5040289816343,23.84736088227079]]],[[[-77.78680397713865,23.911805854682267],[-77.78763599125666,23.907637944406755],[-77.77680299103419,23.906249942978132],[-77.77430699190826,23.909859948549357],[-77.78680397713865,23.911805854682267]]],[[[-77.75291601446365,24.04152809108245],[-77.7545860238192,24.034861150070252],[-77.74624699266097,24.035416953758922],[-77.75291601446365,24.04152809108245]]],[[[-77.1676399887307,24.047361928527867],[-77.18374698459392,24.043471902283102],[-77.17597302253589,24.03347314306429],[-77.16874800520971,24.032083033079715],[-77.16208600911935,24.035973057891983],[-77.1676399887307,24.047361928527867]]],[[[-77.69125299861147,24.09763999128693],[-77.70124798162318,24.084304884577726],[-77.70430799975932,24.07236199848755],[-77.70819199372814,24.067083960558996],[-77.70124799143544,24.065138946128155],[-77.69458100836324,24.079585052552346],[-77.68902698162603,24.084304884577726],[-77.69125299861147,24.09763999128693]]],[[[-77.59847201998097,24.211806124429366],[-77.61152702372407,24.205416147787577],[-77.6226420071855,24.196251044787648],[-77.62708198504278,24.174583906619823],[-77.63069198770567,24.166528923200342],[-77.63541498617349,24.16569491362888],[-77.63569701329558,24.15264008313972],[-77.63735900643405,24.148196040246386],[-77.64680598396846,24.133472899618482],[-77.66014097976368,24.11958287317596],[-77.66819797713138,24.11791485667548],[-77.67735998626303,24.11263891388164],[-77.67763600301667,24.101250018928965],[-77.68653098813333,24.08958292548325],[-77.68486099097518,24.079025943281863],[-77.69013899277627,24.066526954560178],[-77.69542000699668,24.064861044014577],[-77.69986001673492,24.05930510531415],[-77.70152998786001,24.04708192353311],[-77.71125099378882,24.036804960851995],[-77.71069202191926,24.033193138195315],[-77.71541700215309,24.028473013579365],[-77.7334740030736,24.029307019378688],[-77.73735802082489,24.031805131264043],[-77.74346800323005,24.02986102036151],[-77.74541500823887,24.035139051913355],[-77.75430402287351,24.034027144121556],[-77.77097299843827,24.024859990155523],[-77.7815249963675,24.02208397710005],[-77.79013798805858,24.012361924670977],[-77.79569301147131,24.002361072414594],[-77.79652398851066,23.992639927420228],[-77.80541998391797,23.986527898371794],[-77.8134700025886,23.99069401635218],[-77.81597200653773,23.99597204127983],[-77.82069499171787,23.997083947714522],[-77.82763700100185,23.98791800632916],[-77.832084001834,23.989860011583595],[-77.84041601514384,23.986249095659392],[-77.83625001071931,23.979583067748766],[-77.82375297668528,23.976248852586163],[-77.82013600384252,23.96875002431075],[-77.80874500062168,23.96347200393535],[-77.81819199523038,23.953472969789125],[-77.81930400635272,23.94513804026395],[-77.8223650048477,23.94152803073227],[-77.80625201701503,23.933750107951568],[-77.81430901661251,23.932362105398088],[-77.82096798012161,23.92041687378055],[-77.80735697782583,23.914027859111364],[-77.79624897688535,23.910417853074787],[-77.791525978267,23.9148618618949],[-77.77152899301228,23.912915955577922],[-77.77680300593987,23.904027037783816],[-77.79013799125632,23.907637944406755],[-77.79791900615182,23.90541503911716],[-77.79846900516621,23.900417032862734],[-77.79264102078109,23.90013913220098],[-77.77903002115806,23.902915134594103],[-77.77236102059956,23.89875113109348],[-77.77819798790087,23.89597092299302],[-77.78458401985922,23.89708312637791],[-77.79486100197538,23.889304012576712],[-77.79931001827218,23.890694116312222],[-77.80041501668785,23.883194106284023],[-77.78430100070041,23.881250004462736],[-77.77874701692906,23.882640107854897],[-77.763191985087,23.881527904963246],[-77.7604139839889,23.873750897902582],[-77.75430398299176,23.867638891486518],[-77.747642013828,23.866526088238786],[-77.73819699762942,23.85430598485768],[-77.73319198214882,23.85319588595528],[-77.72513498209995,23.85680588566216],[-77.71847501387168,23.865138088560386],[-77.70903098248577,23.863471888158116],[-77.70569598236924,23.866247887432742],[-77.69403198211839,23.86041588576456],[-77.68402901354177,23.86069408652124],[-77.6829140135172,23.85708408638832],[-77.69513698222325,23.85541788639386],[-77.70375001354529,23.86069408652124],[-77.7198629818959,23.859581884374183],[-77.72708199743643,23.85347198362197],[-77.73430601318509,23.851806084242725],[-77.74375099762919,23.85430598485768],[-77.74708498198758,23.858193884988918],[-77.75791798224574,23.862637886690262],[-77.75652999889378,23.86680699294274],[-77.76125299934284,23.871250995809085],[-77.7643039840311,23.87791489820803],[-77.77097298432004,23.878748900064508],[-77.77735899960757,23.874860997499322],[-77.78375198398919,23.875138897945536],[-77.78791798344608,23.872082894465592],[-77.80152900032446,23.877640002067626],[-77.80680799960747,23.874860997499322],[-77.80819599889308,23.86680699294274],[-77.80403198231322,23.86124988717608],[-77.80041501298471,23.847639082917347],[-77.80542001283756,23.844583081990894],[-77.80180299686477,23.839025979967413],[-77.78513998178455,23.838472883579776],[-77.76875301294136,23.84013908272008],[-77.76069601287335,23.842361082280966],[-77.75402801308033,23.840973083619453],[-77.74124901307822,23.840973083619453],[-77.73263601282544,23.844583081990894],[-77.72264199722434,23.85152698226296],[-77.71097499743696,23.85347198362197],[-77.69319098165118,23.842916882627062],[-77.69097098159408,23.84958288231661],[-77.68347301296511,23.847639082917347],[-77.68624898171869,23.840694883028938],[-77.69347301257962,23.8365260805071],[-77.68902701351472,23.830140086537867],[-77.67208101392292,23.825696089200065],[-77.66541299843328,23.81930498995734],[-77.65374801439364,23.81763909229253],[-77.65097001463734,23.81374909388474],[-77.65152798479997,23.805693902449516],[-77.64624701691875,23.801528108622335],[-77.62680899946194,23.813472996548143],[-77.61319799942926,23.812638996337423],[-77.61125099837895,23.818470989601142],[-77.60485799855508,23.82097299073222],[-77.60291199771628,23.82874998535987],[-77.59291801301508,23.829860083443098],[-77.59014199747713,23.834027983830357],[-77.58402899759355,23.834861984576087],[-77.58264101305157,23.840973083619453],[-77.57902401284329,23.842361082280966],[-77.57208199697794,23.83680398063008],[-77.56069099763407,23.83180598482753],[-77.56513999837996,23.818470989601142],[-77.54625001517086,23.81041609746227],[-77.54152598526875,23.80430590531425],[-77.5370860182288,23.794305117259896],[-77.5315249870673,23.794860916806414],[-77.5245829986977,23.81624899163562],[-77.5187529977187,23.82874998535987],[-77.51985999736664,23.833193983105545],[-77.51180301259988,23.848193080756126],[-77.51403001338596,23.85847208572682],[-77.5131910013088,23.882918008367266],[-77.50986401733624,23.886250110802813],[-77.50791998779869,23.894582922063684],[-77.50485898867136,23.897638927651496],[-77.50902499036144,23.904304938478916],[-77.5104130083339,23.911250053165613],[-77.51624997834394,23.9148618618949],[-77.51902798098351,23.922638878802907],[-77.51986001894777,23.937640120623026],[-77.52180401020428,23.952361064888173],[-77.52347497964115,23.95430487056314],[-77.52541400381443,23.96930402422353],[-77.52819699094869,23.97319494253914],[-77.52847301138628,23.9804170722453],[-77.5240239901957,23.995415937860244],[-77.52652701223775,24.003195077515407],[-77.53263900710472,24.03375104489493],[-77.54097001565164,24.05847109870474],[-77.54069600352672,24.06180502223543],[-77.54485998814546,24.076249925346833],[-77.54541799951123,24.085694996924648],[-77.54792100911901,24.093749057347836],[-77.54624998625577,24.100693913610893],[-77.55180501732427,24.112083108789378],[-77.55569502290437,24.115973143779804],[-77.5601419919859,24.128193949742972],[-77.56791601709169,24.13458210712037],[-77.57514300498173,24.147362031188763],[-77.58125298107022,24.162638881638685],[-77.58402900271528,24.175694016960417],[-77.58819598464918,24.183749904183045],[-77.59069801870795,24.193751116677944],[-77.58985901725201,24.201806107530825],[-77.59153000993616,24.206528061907647],[-77.59847201998097,24.211806124429366]]]]},"properties":{"source":"https://simplemaps.com","id":"BSSA","name":"South Andros"},"id":29},
{"type":"Feature","geometry":{"type":"Polygon","coordinates":[[[-76.15208501727827,24.996317102777997],[-76.16291799360057,24.985693961905294],[-76.17319397531348,24.978194852967206],[-76.18985698884478,24.970416933529936],[-76.19763998380122,24.962359903419742],[-76.20124797661077,24.9537518604523],[-76.20597000722103,24.93319604315658],[-76.20680201404251,24.921527084008268],[-76.20930498017428,24.908471881265942],[-76.2156979911843,24.889028947120728],[-76.2151420081484,24.875694048933635],[-76.20263599510957,24.857083970580863],[-76.19235897833506,24.851527869591614],[-76.19374702330914,24.861805140181527],[-76.19152800403346,24.869583024242605],[-76.19347397585364,24.881249855023803],[-76.19180298844898,24.88597193067386],[-76.18597299656513,24.88986297939022],[-76.17874800504606,24.891251030277495],[-76.16486400448348,24.883194026925],[-76.16402501230327,24.8709710739631],[-76.1584710083889,24.86208305047367],[-76.15597499018963,24.845138940888244],[-76.15819501072286,24.837361064651763],[-76.1643059832654,24.829859899046156],[-76.17097399034684,24.82819394176326],[-76.1812510209344,24.822081126345772],[-76.18486097776596,24.817360865764325],[-76.19791400955403,24.82291605764502],[-76.20652898400527,24.82125190349305],[-76.19819601720144,24.812639103876368],[-76.19486199939094,24.806528996320733],[-76.2009750036457,24.8015260220357],[-76.20291901088956,24.796806065843818],[-76.22180100608927,24.78402703684924],[-76.23764098371355,24.782916901454705],[-76.25375500135479,24.783193008196356],[-76.26264100328719,24.786527019878193],[-76.2720880183391,24.79514011080273],[-76.28763599606883,24.800137976263567],[-76.29235897835851,24.799861869332506],[-76.31180702036883,24.819027122753308],[-76.31680302037003,24.819027122753308],[-76.32986400117852,24.8329160070927],[-76.34041700568359,24.836527034189018],[-76.34597102320821,24.83097213966141],[-76.34124901615793,24.818196097345812],[-76.34124899175403,24.80514095026655],[-76.33763801611411,24.80374809720519],[-76.33486202316902,24.795974139858842],[-76.327919988433,24.783750930098286],[-76.31319502127066,24.780695128602037],[-76.3087459834547,24.776805899929894],[-76.29819598437929,24.77402590548696],[-76.28736101377523,24.77319608336518],[-76.27930397612843,24.77541785554572],[-76.26791297750452,24.76958386378597],[-76.2726370152126,24.767362092127325],[-76.27014198099428,24.760972884836775],[-76.26208498679713,24.75902691997771],[-76.26152901751364,24.75236010621155],[-76.24986198380856,24.749027901765082],[-76.24153197919314,24.741805873672696],[-76.23291900255505,24.736805015521185],[-76.22736497539026,24.731526850426892],[-76.22846999979323,24.726528998743557],[-76.22347200375458,24.717638022848],[-76.22403001355845,24.712918082538348],[-76.21958101014042,24.709027061754195],[-76.21930800518336,24.70458503157856],[-76.20930502101486,24.68764012822416],[-76.2076410204167,24.68069512464925],[-76.20347701828263,24.67347011169338],[-76.19486198023006,24.66874987915994],[-76.1856930182835,24.659306111856683],[-76.18264102206123,24.6459701351228],[-76.17791698492987,24.64124990765561],[-76.17430900668077,24.631527040972976],[-76.16985999306199,24.628470957436907],[-76.16847201877617,24.62319311524082],[-76.16347601671613,24.62263910260851],[-76.15902697587246,24.617081851822],[-76.1490239758756,24.617081851822],[-76.14514301899608,24.62680711659181],[-76.15041401412813,24.63680608663612],[-76.15625099187405,24.66430395028872],[-76.16319301627529,24.67986109942965],[-76.17236202330521,24.688194142261224],[-76.17569702006199,24.70097312232811],[-76.18235900740581,24.701805045150024],[-76.18708097989571,24.706248877487276],[-76.1915280081006,24.71847204931159],[-76.18902497723337,24.725415861488642],[-76.19097101424738,24.732639086626623],[-76.19014000918482,24.741250055805384],[-76.19457898723903,24.746527922505962],[-76.1929180207745,24.75291712609479],[-76.18875197837978,24.754304868781333],[-76.18763698836068,24.76541792942298],[-76.17986302244256,24.76875013606117],[-76.17903101386744,24.779307084000095],[-76.17346999319076,24.784584958769997],[-76.16625200803463,24.7873610486435],[-76.1651370082943,24.79930605016615],[-76.16069799177353,24.80514095026655],[-76.15625101611872,24.818196097345812],[-76.14958199179424,24.82263995045799],[-76.13680300697791,24.847918042046135],[-76.13569602329139,24.861805140181527],[-76.13402501880776,24.863751113180587],[-76.1348660068779,24.87819404133847],[-76.1384740071628,24.886251043019357],[-76.13764197836947,24.892360870157063],[-76.14375200523831,24.920139031367665],[-76.1493070118976,24.915973071264506],[-76.15763897660904,24.915694859906008],[-76.16263501403431,24.921527084008268],[-76.1640250051528,24.930416030820027],[-76.16152998051247,24.936805883501123],[-76.15652499846162,24.939581990805554],[-76.14791898051585,24.936805883501123],[-76.1504140171127,24.944861102246715],[-76.15513701139048,24.94402706805785],[-76.15985900220345,24.947639013160806],[-76.1593030247636,24.958472147770124],[-76.15458698964882,24.963193938254502],[-76.14791901911777,24.960138114081076],[-76.14569200957548,24.97097305708801],[-76.14041800957483,24.97097305708801],[-76.14208201915481,24.982084114094953],[-76.13847397726575,24.992984864706283],[-76.15208501727827,24.996317102777997]]]},"properties":{"source":"https://simplemaps.com","id":"BSSE","name":"South Eleuthera"},"id":30},
{"type":"Feature","geometry":{"type":"MultiPolygon","coordinates":[[[[-76.87596799819825,25.500971989827587],[-76.88569500116206,25.497360006562754],[-76.88069300248296,25.492084014028983],[-76.87596799819825,25.500971989827587]]],[[[-76.80708300032667,25.530416001841726],[-76.81153199859284,25.525971992065397],[-76.82458500204224,25.52014001152004],[-76.83347299712501,25.51791498378242],[-76.84791599674276,25.51986198163244],[-76.85652899933639,25.50763899625448],[-76.84625300075461,25.512083004258987],[-76.84430599952518,25.517082997322262],[-76.83708099952528,25.517082997322262],[-76.834861000896,25.513749005056503],[-76.82041899816325,25.51736098963666],[-76.80903000254635,25.52652801435915],[-76.80708300032667,25.530416001841726]]]]},"properties":{"source":"https://simplemaps.com","id":"BSSW","name":"Spanish Wells"},"id":31},
{"type":"Feature","geometry":{"type":"MultiPolygon","coordinates":[[[[-78.59069801068067,26.535508054309282],[-78.58180298985482,26.540695948428688],[-78.56903100663946,26.542084033752833],[-78.55791500481808,26.545972024489856],[-78.54374599513693,26.55485997529462],[-78.52958601070561,26.560139054375554],[-78.52153098745201,26.560692936263344],[-78.51125198642913,26.565416931083966],[-78.5020830073321,26.567918037231905],[-78.4970850060527,26.56624903074111],[-78.49346799054642,26.5698589519984],[-78.48180399950802,26.574583997502955],[-78.47736400016228,26.57791600082387],[-78.4626379992186,26.58513899603567],[-78.45597200951549,26.585973048280305],[-78.43736301468647,26.594583074485897],[-78.42208100550295,26.59541802791359],[-78.40125201187841,26.601002060242497],[-78.40994899031651,26.608490950923684],[-78.43841600062453,26.646714003155306],[-78.4447470085641,26.658575043219027],[-78.45370400546526,26.68704302751786],[-78.45660299774178,26.70259598864391],[-78.45569599997646,26.7162509998819],[-78.46041800397559,26.7123600199771],[-78.46847499659238,26.716806982885448],[-78.46624901388975,26.723473069730222],[-78.47069501473256,26.72958407392272],[-78.47819599550417,26.72708297743994],[-78.47846900701681,26.73930603517884],[-78.49402700603565,26.734028030265602],[-78.50458598588867,26.734861929254137],[-78.50763799894118,26.728195994689663],[-78.51152800963567,26.72569504833768],[-78.52319299978373,26.72486099891593],[-78.52986099839119,26.71958299192752],[-78.53430100319656,26.724305016032645],[-78.53986500063128,26.72319500316672],[-78.54347200534767,26.727917026811504],[-78.5490270113171,26.730140056726388],[-78.54707998710529,26.74625093544414],[-78.55374901129362,26.772917056422095],[-78.55930301471375,26.777639073477165],[-78.5562520028372,26.78541801416063],[-78.5615300044246,26.791806022071604],[-78.5740289955451,26.799028977793867],[-78.57402901021949,26.792360050967734],[-78.58736399321478,26.784583966146414],[-78.5887520147192,26.777639073477165],[-78.59319399088648,26.773750954495867],[-78.59124798736896,26.769028936908498],[-78.59513798952753,26.747360947607486],[-78.5898600050968,26.735694025523607],[-78.58347399182385,26.735415959052553],[-78.58097101041194,26.731806052161573],[-78.5734700147519,26.72958407392272],[-78.57347000964332,26.72569504833768],[-78.58125400228215,26.7198630114439],[-78.58930100319871,26.724305016032645],[-78.58791300948774,26.733472047521005],[-78.59374998837045,26.73597194176752],[-78.60541499893984,26.728195994689663],[-78.61430298563778,26.72624892804955],[-78.61541800487045,26.720973024409417],[-78.62124599075757,26.722360953688632],[-78.6265260090824,26.71875104551944],[-78.61958401389568,26.713194069678245],[-78.6076350006318,26.72319500316672],[-78.5968019881829,26.721250940764538],[-78.59958699722681,26.713471986091122],[-78.59347400134669,26.71125000675649],[-78.5815269859098,26.71763892933681],[-78.58152700950247,26.70680604769544],[-78.57541700950176,26.70680604769544],[-78.57986301188933,26.698473059714377],[-78.57958299647031,26.692916982264745],[-78.59097199393246,26.688471969507354],[-78.58875199826761,26.684583991291504],[-78.57624898670468,26.688747933171946],[-78.57375300155535,26.684028007821382],[-78.5881960148526,26.684306074670033],[-78.59097200595976,26.672637029988014],[-78.58625000062602,26.66875100315144],[-78.59124801392026,26.664861070083745],[-78.60263899804193,26.66180699014148],[-78.60458300123557,26.656250006224308],[-78.61208399526008,26.648195976112497],[-78.61736198808931,26.640138939941014],[-78.62236000745187,26.627640037609808],[-78.63569501282228,26.6181950647502],[-78.6329190148368,26.611805074962223],[-78.64069401341469,26.603472067813573],[-78.6429130055185,26.59541802791359],[-78.66347600604773,26.600416030570962],[-78.67069200283645,26.599306014338275],[-78.67597200552078,26.59541802791359],[-78.67680398638703,26.588192931136224],[-78.6751399998404,26.576249999192566],[-78.68235798843992,26.570417941445697],[-78.69652600606805,26.56624903074111],[-78.70847301318578,26.576528066736714],[-78.70708498639524,26.565416931083966],[-78.72152800547701,26.573472027722456],[-78.72180098556996,26.56208492689812],[-78.73680900566836,26.564583028705176],[-78.74624698992702,26.558470948972502],[-78.74430800800093,26.553472040548463],[-78.74569798949648,26.533472946688924],[-78.75569200374647,26.542640019000313],[-78.7762519936575,26.549861967861222],[-78.787919002435,26.54819401233877],[-78.78735998946875,26.55680494667191],[-78.79819500099987,26.5537480050638],[-78.80569398991946,26.558470948972502],[-78.80208599527406,26.563748976086483],[-78.80791398637791,26.565416931083966],[-78.81652900567406,26.564583028705176],[-78.8215250077428,26.569584039153085],[-78.82514200270872,26.56513901370116],[-78.82986398841834,26.570417941445697],[-78.81819301352677,26.578194068358247],[-78.81930498886888,26.5843049437761],[-78.81263798611442,26.58652692986899],[-78.81930499389773,26.591248969193686],[-78.82291499253458,26.598471962334525],[-78.8198630102407,26.602362051655643],[-78.82013701161655,26.609029058564968],[-78.82792001469733,26.608473074092373],[-78.83264198963991,26.60069394774502],[-78.83180098822956,26.595692940607776],[-78.83958499235638,26.596805961438562],[-78.84291899701877,26.603749984968907],[-78.85097601171088,26.610695059010244],[-78.85958200869833,26.612917043817465],[-78.87041399406219,26.629027970129602],[-78.87180201490808,26.63902907493812],[-78.8690259949072,26.643194974408097],[-78.88569601462144,26.642361073465235],[-78.89263800490934,26.64569502465876],[-78.89569000495963,26.652362024897723],[-78.90208501460023,26.656528073264706],[-78.90652499088519,26.666250954298324],[-78.9143060132725,26.66819306653218],[-78.91625198609283,26.67347093031671],[-78.91319399199715,26.681527959923923],[-78.92013600864328,26.681250043280937],[-78.92097499575212,26.67597097872114],[-78.91625198725879,26.664304936114267],[-78.90985901073378,26.665417053820345],[-78.90791301432378,26.65819407186287],[-78.91791599480202,26.657361973924054],[-78.95347499617668,26.674304980853336],[-78.96013698588173,26.680973929338535],[-78.97041401256072,26.694305062794637],[-78.98097299796237,26.699860989819555],[-78.98596899189292,26.69930695949458],[-78.99347001024184,26.705140051145076],[-78.99514000862838,26.69652704311513],[-78.9926380003475,26.690695001737517],[-78.97041399290129,26.674860964459672],[-78.9629129970235,26.666804985087406],[-78.95263700757923,26.66097203799549],[-78.95180501138955,26.65708405711455],[-78.94125500771129,26.64847103870018],[-78.93541799773192,26.64597098861493],[-78.91652599391949,26.632359969437342],[-78.9004120128655,26.6181950647502],[-78.89152601470917,26.608473074092373],[-78.88764199978641,26.599861998923764],[-78.88124899540222,26.596249976815848],[-78.8681950095655,26.585973048280305],[-78.86486000347857,26.579026017568065],[-78.86013799684305,26.576805984053657],[-78.85708600476669,26.57014002409163],[-78.85013499230588,26.564304961091995],[-78.836250002367,26.55541701198017],[-78.83069600995108,26.549584050390813],[-78.81819298949188,26.542358946750866],[-78.79736399237885,26.532916961342227],[-78.78902399182772,26.52569395851918],[-78.77902999266858,26.520139962766567],[-78.7670829967087,26.5101389832694],[-78.7634729874791,26.50541693632611],[-78.74735900198506,26.503470010098987],[-78.73152801405531,26.494862071564665],[-78.69007798844336,26.490417941107136],[-78.68668401019586,26.50639205189753],[-78.67940500897113,26.516402045632272],[-78.66984600112366,26.52459400571318],[-78.65619600843729,26.531873042878665],[-78.63753500672246,26.540520034149512],[-78.62571100047543,26.544160002415367],[-78.61205401021583,26.542795051902605],[-78.59069801068067,26.535508054309282]]],[[[-78.75041999716582,26.57847198566542],[-78.75319600016275,26.57791600082387],[-78.75819400773656,26.569584039153085],[-78.75624798894157,26.563194944007684],[-78.74791800734316,26.559029037196783],[-78.7437520056689,26.564583028705176],[-78.75041999716582,26.57847198566542]]],[[[-78.76652499446851,26.58069397203404],[-78.77652801020324,26.577084051594536],[-78.7812499980917,26.57208199034772],[-78.78875101286529,26.574862065056823],[-78.78791900229733,26.563473011627174],[-78.7859719998831,26.557638999408688],[-78.77903001387394,26.55236007028663],[-78.77041700344604,26.55152601746115],[-78.77014200282873,26.557083014327592],[-78.76652498741277,26.560692936263344],[-78.76902700773768,26.569584039153085],[-78.76625098615112,26.57430592994746],[-78.76652499446851,26.58069397203404]]],[[[-78.74375201005039,26.589305050794767],[-78.75069399041156,26.588472951541775],[-78.75736301051883,26.578750053196554],[-78.76541899747205,26.580137987218624],[-78.76541898615127,26.57430592994746],[-78.76819499051336,26.5698589519984],[-78.76597499442833,26.56041697178681],[-78.76902698947117,26.55680494667191],[-78.76819500001761,26.550416000089495],[-78.75458400774673,26.545416039278916],[-78.74764198603772,26.541248929177588],[-78.74624699951053,26.548749997519074],[-78.74930598992655,26.558470948972502],[-78.75624801116994,26.561805056563216],[-78.75958199051446,26.5698589519984],[-78.75569199716553,26.57847198566542],[-78.74819099865991,26.58180699322419],[-78.74375201005039,26.589305050794767]]],[[[-78.80208599527406,26.563748976086483],[-78.79624899442628,26.56041697178681],[-78.78902401369294,26.559583069322702],[-78.79013899984018,26.576249999192566],[-78.78708700752277,26.579306038028307],[-78.77791601082826,26.58041605473993],[-78.77430799947594,26.58680499735247],[-78.7823650133177,26.590415067269188],[-78.78208201230005,26.583751062161117],[-78.7904119964544,26.587360982088857],[-78.79458498680339,26.577637933287825],[-78.79319700548199,26.573472027722456],[-78.79985701109038,26.570694056091014],[-78.80208599527406,26.563748976086483]]],[[[-78.80513801469306,26.608473074092373],[-78.80347399253644,26.598471962334525],[-78.79402900266909,26.597640013472695],[-78.79013900008535,26.60319400043105],[-78.79541700743158,26.606250037485946],[-78.80513801469306,26.608473074092373]]],[[[-78.66291700263652,26.622359013305264],[-78.66819800352862,26.620696017808132],[-78.67292101466843,26.608473074092373],[-78.66541299396414,26.604305969499897],[-78.65680701059809,26.607360053548156],[-78.65541898661007,26.60124993231353],[-78.65069699286737,26.601803963943826],[-78.65013799518744,26.60930697568595],[-78.65958298917367,26.613750945327915],[-78.66291700263652,26.622359013305264]]],[[[-78.80430598840734,26.652639941738947],[-78.80291801178315,26.647918059241604],[-78.80902801460722,26.642361073465235],[-78.8051380079829,26.635973040170814],[-78.8012470040388,26.634860020326215],[-78.80013999724729,26.62680598613805],[-78.79402901368404,26.628194068909966],[-78.7995829906898,26.634581953142284],[-78.79624900773902,26.6393050389379],[-78.79763700471167,26.647361023691577],[-78.80430598840734,26.652639941738947]]],[[[-78.50791998933303,26.734305946522223],[-78.52153101291972,26.732916064767945],[-78.52541299894092,26.728195994689663],[-78.51403098565613,26.72624892804955],[-78.50791998933303,26.734305946522223]]],[[[-78.53485998837924,26.73597194176752],[-78.54041400057413,26.73097200287833],[-78.53375199461767,26.7287489730138],[-78.528747010405,26.731806052161573],[-78.53485998837924,26.73597194176752]]],[[[-78.44958600797527,26.75069503996394],[-78.45652800501298,26.742638025133598],[-78.45402601294349,26.739860064909458],[-78.45625199027393,26.732639951200838],[-78.45041801130296,26.730140056726388],[-78.44985900501256,26.742638025133598],[-78.44430500869649,26.74819304358881],[-78.44958600797527,26.75069503996394]]],[[[-78.52541299713174,26.751526985642567],[-78.53319600602767,26.740972030194612],[-78.53208100164308,26.7362500082343],[-78.52625398933053,26.734305946522223],[-78.51264301393591,26.738194069842486],[-78.50958199407523,26.74513897032198],[-78.51236001147878,26.750139057476293],[-78.52541299713174,26.751526985642567]]],[[[-78.47264100011,26.779027000550297],[-78.47208298599392,26.775972929970948],[-78.47763699616212,26.769859980803822],[-78.4793080058748,26.760974029404913],[-78.4895869883844,26.771804941917654],[-78.49541498598977,26.775972929970948],[-78.49708499616122,26.769859980803822],[-78.49263901422609,26.76791607115488],[-78.49346799850684,26.76124999252862],[-78.48263498900859,26.754304944961408],[-78.46986300348327,26.75735901744158],[-78.46819301257743,26.771251062912288],[-78.47264100011,26.779027000550297]]],[[[-78.50458600614746,26.780417030714446],[-78.5143040022339,26.765972011172337],[-78.51347398786747,26.755970939278694],[-78.51014000798142,26.75069503996394],[-78.50263900927263,26.753471046423858],[-78.49624600098112,26.751807004913204],[-78.49430900111665,26.756249005590362],[-78.4984729999187,26.764861999593577],[-78.5018079918214,26.776526959125263],[-78.50458600614746,26.780417030714446]]],[[[-78.50375401407467,26.819584070113045],[-78.50707899862594,26.81458399315309],[-78.49569699254137,26.810417962815816],[-78.48930400234886,26.814028011708306],[-78.49069199513974,26.817915975781947],[-78.50375401407467,26.819584070113045]]],[[[-78.50624699073879,26.832916953913603],[-78.51513598512165,26.831526925961665],[-78.51736500773208,26.82625103849126],[-78.51097198509073,26.82513892576817],[-78.50319799644637,26.82708298230781],[-78.50624699073879,26.832916953913603]]],[[[-78.53236398936181,26.84097394711098],[-78.53152501325647,26.836805065927756],[-78.52430699820368,26.835416991065053],[-78.52430701020387,26.840140050738732],[-78.53236398936181,26.84097394711098]]],[[[-78.59708500437462,26.842362021729585],[-78.59819899072795,26.832916953913603],[-78.59319399268793,26.830414963646334],[-78.59041599808914,26.838192990505117],[-78.59708500437462,26.842362021729585]]],[[[-78.61653201501886,26.921250074140648],[-78.61791998696201,26.915694935613214],[-78.61430298902424,26.9120829457799],[-78.60958098823133,26.916804941880496],[-78.61653201501886,26.921250074140648]]]]},"properties":{"source":"https://simplemaps.com","id":"BSWG","name":"West Grand Bahama"},"id":32}
]}